bank_group,tier
BANK_OF_AMERICA,1.0
JPMORGAN CHASE,1.0
CAPITAL ONE,1.0
WELLS FARGO,1.0
MONZO,3.0
STRIDE,3.0
AUSTRALIA AND NEW ZEALAND,1.0
WESTPAC NEW,1.0
DBS,1.0
NATIONAL_AUSTRALIA_BANK,1.0
BARCLAYS,1.0
LLOYDS,1.0
TORONTO,1.0
ROYAL,1.0
HSBC,1.0
DISCOVERY,2.0
SCOTIABANK_GROUP,1.0
WISE GROUP,2.0
MAURITIUS,2.0
CITIBANK,1.0
AMEX,1.0
ING,1.0
COASTAL,3.0
EMIRATES NBD,1.0
PATHWARD,3.0
SANTANDER,1.0
US BANK,1.0
PNC,1.0
SWEDBANK,1.0
ABU COMMERCIAL,1.0
BANK OF GEORGIA,2.0
TD,1.0
PSA,3.0
PATRIOT ASSOCIA,3.0
STARLING,3.0
RAIFFEISEN,1.0
ABU ISLAMIC,2.0
USAA FEDERAL,1.0
OVERSEA CHINESE,1.0
BNP,1.0
TRUIST,1.0
FIFTH_THIRD_BANK,1.0
OTP GROUP,1.0
INTESA SANPAOLO,1.0
REGIONS,1.0
FNB,2.0
BANK OF NEW ZEALAND,2.0
NORDEA,1.0
POSTEPAY,2.0
ZIPMONEY PAYMENTS,3.0
ERSTE,1.0
UNI,3.0
ALLIED IRISH,2.0
STANDARD,1.0
TSB_BANK,2.0
TRANSACT PAYMENTS,3.0
KBC,1.0
BANK OF MALDIVES,3.0
DESJARDINS GROUP CANADA,1.0
KASIKORNBANK,1.0
BANCOLOMBIA,1.0
BANK OF CYPRUS,2.0
PRESIDENT,3.0
KOMBETARE TREGTARE,3.0
ABSA,1.0
STANBIC,2.0
MISSOURI,3.0
DEUTSCHER SPARKASSEN,1.0
PRIVREDNA,2.0
LEUMI,1.0
HAPOALIM,1.0
STATE EMPLOYEES,2.0
MAX,3.0
UNITED FOR AFRICA,1.0
CAIXABANK,1.0
MVB,3.0
SOUTH STATE,2.0
CELTIC,3.0
THE_CITIZENS_BANK,3.0
FIRSTCARIBBEAN,2.0
COMMERCIAL BANK OF QATAR,2.0
TATRA,2.0
HERITAGE_COMMUNITY_BANK,3.0
ISRACARD,2.0
STANDARD CHARTERED BANK,1.0
NEXI PAYMENTS,2.0
ECOBANK,2.0
UNIVERSAL,3.0
BELFIUS,2.0
EUROBANK,2.0
GUARANTY TRUST,2.0
QATAR,1.0
M AND T,1.0
METRO,2.0
BANK_OF_QUEENSLAND,2.0
NOVO BANCO,2.0
ACCESS,2.0
EQUITABLE,3.0
UNICREDIT,1.0
BILBAO VIZCAYA,1.0
MERRICK,3.0
SEB,1.0
POWSZECHNA KASA,1.0
NEDBANK,1.0
SVENSKA HANDELSBANKEN,1.0
CLYDESDALE,2.0
WIO,3.0
AMERICA FIRST,2.0
AL HILAL BANK,3.0
MACQUARIE,1.0
SOCIETE GENERALE,1.0
SIAM,1.0
FLAGSTAR,2.0
NATIONAL BANK OF KUWAIT,1.0
SHAZAM,3.0
EQUITY,2.0
MONAVATE,3.0
REPUBLIC BANK TRUST,3.0
REPUBLIC BANK GROUP,2.0
AGRICOLE,1.0
SPAREBANK,2.0
COMMERCIAL BANK OF DUBAI,2.0
NEWCASTLE GREATER,3.0
FIRST INVESTMENT BANK,3.0
FIRSTBANK,2.0
ATB,2.0
NOVA LJUBLJANSKA,2.0
SLOVENSKA SPORITELNA,2.0
CAIXA CENTRAL CREDITO AGRICOLA,2.0
COOPERATIEVE RABOBANK,1.0
EML_SOLUTIONS,3.0
BDO,1.0
GLOBAL,3.0
RBC,1.0
UNION AUSTRALIA,3.0
QATAR ISLAMIC,2.0
STC,3.0
FEDERATIVE,3.0
DAVIVIENDA,2.0
CITADELE,3.0
ZOPA,3.0
ENT,3.0
GOLDEN 1,2.0
NUMIA,3.0
BANCO_POPULAR_DOMINICANO,2.0
DZ,1.0
ARION BANKI,2.0
MBANK,2.0
MBH,2.0
IDAHO_CENTRAL_CU,2.0
LATITUDE AUSTRALIA,3.0
BCA,1.0
BUTTERFIELD,2.0
CO OPERATIVE BANK,2.0
UNITED UBL,2.0
MULTIPLE BHD,2.0
ALBERTA TREASURY,2.0
FIRST_BANK_AND_TRUST,3.0
POLSKA KASA,1.0
ICICI,1.0
BOUBYAN,2.0
SABADELL,1.0
LIBERTY,3.0
SAFE,3.0
COLLABRIA,3.0
LEADER ASSOCIATION,3.0
FIRST_COMMUNITY_BANK,3.0
CAPITAL BANK,3.0
KOOKMIN,1.0
BAWAG,2.0
FIRSTRAND,1.0
CREDOMATIC,2.0
CTT,3.0
DENIZBANK,2.0
DELAVSKA HRANILNICA,3.0
BBVA MEXICO,1.0
HYPE,3.0
BEYOND AUSTRALIA,3.0
PEOPLES_BANK_GENERIC,3.0
COMMUNITY AMERICA,3.0
MILLENNIUM SPOLKA,2.0
MBNA,2.0
ZIRAAT,1.0
DESERT,3.0
FIRST_NATIONAL_BANK_PENNSYLVANIA,2.0
BOKF ASSOCIATION,2.0
BAC HONDURAS,2.0
WRIGHT_PATT,3.0
ZENITH,2.0
COMMERCE_BANCSHARES_GROUP,2.0
AEON,2.0
BANKINTER,1.0
ANGOLANO,3.0
HUMM,3.0
CENTRAL_TRUST_BANK,2.0
KNOXVILLE_TVA,3.0
VSEOBECNA UVEROVA,2.0
FIRST_FINANCIAL_BANK,2.0
HYUNDAI CARD,2.0
ARIZONA,3.0
IMMOBILIER,3.0
PATELCO,3.0
ASSOCIATED,2.0
UNION BANK PHILIPPINES,2.0
SIMMONS,2.0
VANCOUVER CITY,2.0
MANDIRI,1.0
COMENITY,2.0
CHANGE LABS,3.0
UNIVERSITY,3.0
PAYPAY CARD JAPAN,2.0
BANK OF CHINA,1.0
ZIONS BANCORPORATION,2.0
GATE_CITY_BANK,3.0
RAKUTEN,2.0
CARIBBEAN UNION,3.0
NORTHWEST_BANK,2.0
FIRST_INTERSTATE,2.0
SHINHAN CAMBODIA,3.0
AFFINITY_PLUS,3.0
INTERNATIONAL_BANK_OF_COMMERCE,2.0
MEMBERS 1ST,3.0
ASCEND,3.0
SERVICE_FEDERAL_CU,3.0
WOORI CARD,2.0
CENTENNIAL,2.0
COMPUTER SERVICES,3.0
VISION,3.0
THREAD,3.0
THE_COMMUNITY_BANK,3.0
CIB,2.0
MIGROS,3.0
CESKOSLOVENSKA OBCHODNA,2.0
BERHAD,2.0
BELLCO_CU,3.0
SUMMIT,3.0
ATLANTIC UNION,2.0
OZK,2.0
CIMB,1.0
UNITED,2.0
NBT,2.0
SONERI,3.0
PSCU,2.0
KRUNGTHAI CARD,2.0
KRUNGSRIAYUDHYA CARD,2.0
COMMERZBANK,1.0
HUDSON_VALLEY,3.0
CHINA CONSTRUCTION,1.0
BANCOPPEL,3.0
AREEBA,3.0
WINGS FINANCIAL,3.0
CORNER BANCA,3.0
MOLDOVA_AGROINDBANK,3.0
SPOKANE TEACHERS,3.0
APPLE,3.0
MUFG,1.0
FIRST_FINANCIAL_BANKSHARES,2.0
MEGA,2.0
CARD_X,3.0
FIRST UNITED,3.0
KOTAK MAHINDRA,1.0
EASTERN_BANK_PLC,3.0
UMB,2.0
FIRST_TECHNOLOGY,2.0
MITSUBISHI UFJ,1.0
CREDIT UNION 1,3.0
SECURITY_SERVICE_FCU,2.0
ALLIANZ BULGARIA,3.0
VANTAGE UNION,3.0
BCI,2.0
ROMANA,2.0
SHELL_FCU,3.0
LOGIX_FCU,3.0
FARMERS_STATE_BANK,3.0
ARROWHEAD_CENTRAL_CU,3.0
OPTIMA,3.0
CANVAS,3.0
CHINA_MERCHANTS_BANK,1.0
BANGOR_SAVINGS,3.0
EAST_WEST_BANK,2.0
CONSUMERS_CREDIT_UNION,3.0
CITIZENS_EQUITY_FIRST,3.0
OPENBANK SANTANDER GROUP,1.0
FIRST_STATE,3.0
FIRST_SAVINGS_BANK_GENERIC,3.0
I_AND_M_BANK_TANZANIA,3.0
INTERNACIONAL,3.0
ITAU GROUP,1.0
FIRST_NATIONAL,2.0
COMMUNITY FIRST CREDIT,3.0
AMARILLO,3.0
UMPQUA,2.0
INDEPENDENT,2.0
VIRGINIA,3.0
ORIENT_CORPORATION,2.0
EVERWISE,3.0
METROPOLITAN AND,2.0
PRODUBANCO,3.0
PIRAEUS,2.0
GTE_FCU,3.0
SAISON,2.0
FIRST_COMMONWEALTH,2.0
CAISSE FEDERALE CREDIT MUTUEL,1.0
FIRST CENTURY,3.0
MECHANICS,2.0
TENPO PREPAGO,3.0
TRI_COUNTIES,3.0
SMBC,1.0
INDUSTRIAL AND,1.0
OREGON_COMMUNITY,3.0
MERCADO PAGO,2.0
ESL_FCU,3.0
CRDB,3.0
BANCO DE CREDITO SOCIAL COOPERATIVO,2.0
BANCA INTESA,1.0
WIZINK,3.0
MONETA MONEY,2.0
SAMSUNG CARD,2.0
KUVEYT TURK,2.0
A+,3.0
BANCA MONTE,2.0
QNB_FINANSBANK,2.0
KOMERCNI,2.0
YAPI,2.0
YES,2.0
GREENSTATE UNION,2.0
TWINSTAR,3.0
GENERAL,3.0
SECURITY_BANK_CORPORATION,2.0
GENISYS,3.0
FIRST_BANK,3.0
CEC,2.0
UOB,1.0
PICHINCHA,2.0
COOPERATIVO ESPANOL,3.0
BRI,1.0
BANCO INDUSTRIAL,2.0
TARJETAS BANAMEX,1.0
BANCO DE OCCIDENTE,2.0
BANCAR TECNOLOGIA,3.0
BNI,2.0
GLOBAL PAYMENTS MONEYTOPAY EDE SL,3.0
DINERS CLUB,2.0
BANCO RIPLEY,3.0
BANCA AFIRME,3.0
TURKIYE VAKIFLAR,1.0
CESKA SPORITELNA,2.0
BANAMEX MEXICO,1.0
CREDOMATIC DE GUATEMALA,2.0
GGAL,2.0
NBH,3.0
INDUSIND,2.0
PROMERICA,2.0
BANCO DE GALICIA Y BUENOS AIRES,2.0
ISYBANK_IT,2.0
NTT_DOCOMO,2.0
FIRST_CITIZENS_BANK_LIMITED_TT,2.0
MERCADO LENDING,2.0
EVO BANCO,3.0
BANCO DE GUAYAQUIL,3.0
CREDITO EMILIANO,2.0
BANCO_INVEX,3.0
BANCO SANTANDER RIO,2.0
INDUSTRIAL_BANK,1.0
HALIFAX,1.0
BANK HANDLOWY W WARSZAWIE,2.0
QNB,1.0
BANCO MACRO,2.0
BANCO PAN,2.0
SUTTON,3.0
REVOLUT GROUP,2.0
COMMONWEALTH_BANK_OF_AUSTRALIA,1.0
BANCORP,2.0
GREEN DOT,2.0
NAVY,1.0
CANADIAN IMPERIAL,1.0
GOLDMAN SACHS,1.0
BANK_OF_SCOTLAND,1.0
BSP,2.0
WESTMINSTER,1.0
ANZ,1.0
BENDIGO AND ADELAIDE,2.0
KOHO FINANCIAL,3.0
NATIONWIDE_BUILDING_SOCIETY,1.0
EVOLVE TRUST,3.0
KIWIBANK,2.0
BANK OF MONTREAL,1.0
ADVANCED ASIA,2.0
CREDIT_ONE_BANK,2.0
ASB,2.0
UNITED OVERSEAS BANK,1.0
ST GEORGE,2.0
MASHREQBANK,2.0
STARION,3.0
YOU,3.0
GOLDEN PACIFIC,3.0
TRUST SINGAPORE,3.0
KINA_SECURITIES,3.0
TBC,2.0
DSK,2.0
VARO,3.0
FIRST ABU,1.0
HUNTINGTON,1.0
CROSS RIVER,3.0
COMERICA,2.0
PEOPLES_TRUST_COMPANY,3.0
WEBBANK,3.0
RAKBANK,2.0
CANADIAN TIRE,3.0
MADURO CURIEL,3.0
NEO,3.0
ISRAEL CARDS,3.0
DUBAI ISLAMIC,1.0
HSBC_HONGKONG_SHANGHAI,1.0
POPULAR DE,2.0
COMERCIAL PORTUGUES,1.0
NLB,2.0
BOKIS,2.0
CHOICE FINANCIAL,3.0
UBS,1.0
LEAD,3.0
KLARNA,2.0
JO_ARAB_BANK_PLC,2.0
BANZPAY TECHNOLOGY,3.0
DIGITAL FINANCIAL,3.0
N26,2.0
CREDINS,2.0
ZAGREBACKA,2.0
NEWDAY,3.0
NETWORK,3.0
CAIXA GERAL DEPOSITOS,1.0
SBM,2.0
EMIRATES ISLAMIC,2.0
ZA,3.0
AIRCASH,3.0
BANK OF IRELAND,1.0
TMBTHANACHART,2.0
KEYBANK,1.0
SYNCHRONY,1.0
BANK AL ETIHAD,2.0
S BANK FINLAND,3.0
DNB,1.0
UNITED BULGARIAN,2.0
ARAB_FINANCIAL_SERVICES,3.0
BOTIM,3.0
TANGERINE,2.0
AL ANSARI EXCHANGE,3.0
PAYBY TECHNOLOGY,3.0
BMO_ASSOCIATION,1.0
BANK OF GUAM,3.0
WOODFOREST,2.0
BOEING_EMPLOYEES,2.0
POSTFINANCE,1.0
ACLEDA,2.0
LA BANQUE POSTALE FRANCE,1.0
HERITAGE_PEOPLES_CHOICE,2.0
CAPITAL ONE BANK,1.0
NBKC_BANK,3.0
DEBLOCK,3.0
MOUNTAIN_AMERICA,2.0
HELLENIC,2.0
NATIONAL_BANK_OF_CANADA,1.0
MOX,3.0
BUNQ,3.0
OP_FINANCIAL_GROUP,1.0
COMMUNITY FEDERAL SAVINGS,3.0
KREDITTBANKEN ASA,3.0
ABN,1.0
DANSKE,1.0
AMERIABANK,2.0
SOUTH PACIFIC,2.0
HANA CARD,2.0
MAUBANK,3.0
BPCE,1.0
PREPAY TECHNOLOGIES,3.0
SUNRISE,3.0
BANK_OF_SOUTH_PACIFIC,2.0
ARUBA,3.0
GREATER,3.0
FIRST_PREMIER,3.0
FIRST_NATIONAL_BANK_TEXAS,3.0
SUNCOAST,2.0
ARMENIAN,3.0
STOPANSKA,2.0
KRUNG THAI,1.0
NORFINA,2.0
BOURSORAMA,2.0
HALK,2.0
REAP TECHNOLOGIES,3.0
NIUM,3.0
SKANDINAVISKA ENSKILDA,1.0
GRENADA OPERATIVE,3.0
DI,3.0
ROGERS,3.0
FISERV SOLUTIONS,2.0
LUNAR,3.0
VANQUIS,3.0
ARVEST BANK,2.0
CTBC,1.0
CHUNGHWA POST,1.0
PRIVATBANK,2.0
SOFI,2.0
KUWAIT HOUSE,1.0
BANK OF BAHRAIN AND KUWAIT,2.0
BANK_OF_HAWAII,2.0
NATIONAL BANK OF BAHRAIN,2.0
CRNOGORSKA KOMERCIJALNA,2.0
MIDDLE EAST,3.0
K,2.0
NUBANK_GROUP,1.0
G XCHANGE,2.0
VYSTAR,2.0
LHV,3.0
DIGITAL,2.0
AL RAJHI,1.0
ID,3.0
SAINT_KITTS_AND_NEVIS,3.0
AL SALAM BANK,3.0
GOTYME,3.0
HANG SENG,1.0
SCHOOLSFIRST FEDERAL,2.0
VISECA GROUP,3.0
FIRST_NATIONAL_BANK_OF_OMAHA,2.0
SUMUP PAYMENTS,3.0
SIX,2.0
ET,2.0
MARIBANK SINGAPORE,3.0
ACBA,2.0
KASPI,1.0
COÖPERATIEVE RABOBANK,1.0
ONPOINT_COMMUNITY,2.0
PERMANENT TSB,2.0
RANDOLPH_BROOKS_FCU,2.0
BANK OF ST VINCENT AND THE GRENADINES,3.0
TEYA ICELAND,3.0
LANDSBANKINN,2.0
FIRST_HORIZON_BANK,2.0
FAIRSTONE,3.0
KOMERCIJALNA,2.0
CIBC CARIBBEAN,2.0
TURKIYE,1.0
PAYSAFE FINANCIAL,2.0
SPARKASSE,2.0
CATHAY UNITED,2.0
CAIXA CABO VERDE,3.0
BANGKOK,1.0
EASTERN CARIBBEAN,2.0
CARIBBEAN CARD,3.0
BPI,1.0
NOBA GROUP,2.0
BANK OF VALLETTA,2.0
PAYPAL EUROPE,2.0
DUKHAN,2.0
BAHRAIN ISLAMIC,3.0
JORDAN ISLAMIC,2.0
ALLY,1.0
CENTRAL_BANK_KANSAS_CITY,3.0
ZUERCHER KANTONALBANK,1.0
HDFC,1.0
OCTOPUS CARDS,3.0
TIDE PLATFORM,3.0
PRO,3.0
ADDIKO,3.0
CHASE USA,1.0
INECOBANK,2.0
SUMITOMO MITSUI,1.0
SERVUS,2.0
FREEDOM,3.0
TRADE REPUBLIC,3.0
FIRST_CAROLINA,3.0
SHARJAH ISLAMIC,2.0
ADVANZIA,3.0
GXS,3.0
FIRST_HAWAIIAN_BANK,2.0
DIGITAL_COMMERCE_BANK,3.0
EITC FINANCIAL,3.0
FROST,2.0
CARD SERVICES,3.0
LE,1.0
BC,2.0
IT_DEUTSCHE_BANK_SPA,2.0
FORIS MT,2.0
TRANSPORTATION_ALLIANCE,3.0
CORPORATION,3.0
NATIONAL BANK OF DOMINICA,3.0
FIRST_CITIZENS_BANK_TRUST,1.0
TIRANA,3.0
TAISHIN,1.0
MAYA PHILIPPINES,3.0
GULF BANK KSC,2.0
INDO SPARISJODUR,3.0
BANK OF AYUDHYA,1.0
MAYBANK,1.0
BANRESERVAS,2.0
MONTEPIO GERAL,2.0
MUNICIPAL_CU,3.0
FIRST PUERTO,2.0
PINNACKLE,2.0
COAST360_FCU,3.0
BRED VANUATU,3.0
JAJA,3.0
XFERS,3.0
FIS_FIDELITY_INFORMATION_SERVICES,2.0
INDUE,3.0
CURVE,3.0
ROKEL_COMMERCIAL_BANK,3.0
CAJA DE AHORROS DE LA RIOJA,3.0
TRANSPORTATION ALLIANCE BANK,3.0
HALYK,1.0
SUN,1.0
AXIOM,3.0
HANCOCK_WHITNEY,2.0
ANTIGUA,3.0
REDSTONE,3.0
PSI,3.0
REDWOOD,3.0
PAYONEER EUROPE,2.0
LAKE_MICHIGAN,2.0
KAPITALBANK,2.0
JACK_HENRY,2.0
LANSFORSAKRINGAR,2.0
AMERICAN SAVINGS,2.0
CSCBANK SAL,3.0
UNION BANK,1.0
BPER BANCA,1.0
TEB,2.0
FULTON_ASSOCIATION,2.0
BANCA SELLA,2.0
MUTUEL ARKEA,1.0
ALPHA,1.0
CASSA CENTRALE,2.0
JCB,2.0
SYNOVUS,2.0
OLD,2.0
ROBINS,3.0
CAPITEC,1.0
NASA BANKA AD BANJA LUKA,3.0
CENTRAL COOPERATIVE BANK,2.0
GLACIER,2.0
UAB ZEN,3.0
ARGENTA SPAARBANK,2.0
CAYMAN,3.0
TARGOBANK,2.0
COLUMBIA BANK,2.0
CHARLES_SCHWAB,1.0
UNITED NATIONS,2.0
MIDFLORIDA,2.0
MOORWAND,3.0
ISLAMIC ARAB,3.0
BANCA TRANSILVANIA,1.0
STATE,3.0
365,3.0
MEEZAN,2.0
HAWAII_STATE,3.0
COMMERCIAL BANK OF CEYLON,2.0
SAFWA ISLAMIC,3.0
PENTAGON,2.0
CADENCE,2.0
AYEYARWADY,2.0
LANGLEY_FCU,2.0
PAYRNET,3.0
SOCREDO,3.0
CABOVERDIANO,3.0
QUEENSLAND COUNTRY,3.0
JOINT STOCK,3.0
DELTA_COMMUNITY,2.0
TBI,3.0
WING CAMBODIA,3.0
ALFA,2.0
UW_CU,3.0
JYSKE,1.0
KCB,2.0
FORIS GFS AUSTRALIA,3.0
DEUTSCHE KREDITBANK,1.0
PROSPERITY,2.0
AXP PREPAID MANAGEMENT COMPANY,1.0
ORIENTAL BANK,2.0
POST LUXEMBOURG,3.0
TAIPEI FUBON,1.0
PAYNETICS,3.0
BATELCO FINANCIAL,3.0
HOUSING BANK,2.0
FRONTWAVE UNION,3.0
ARDSHINBANK,2.0
BOC,2.0
POLICE NURSES,3.0
COMMERCIAL BANK OF KUWAIT,2.0
CAPITA FINANCIAL,3.0
NOUVOBANQ SEYCHELLES,3.0
BANCO DE ORO UNIBANK,1.0
BANCO DE BOGOTA,1.0
DOHA,2.0
LESOTHO_POSTBANK,3.0
BANQUE DE POLYNESIE,3.0
MALAYAN BERHAD,1.0
LAND PHILIPPINES,1.0
HRVATSKA POSTANSKA,2.0
VERIDIAN,3.0
CARIBBEAN MERCANTILE,3.0
NUSENDA_FCU,3.0
HKT,3.0
BAXTER,2.0
LUMINOR,2.0
FOURLEAF,2.0
ORNL_FCU,3.0
FCU,3.0
ROCKLAND TRUST,2.0
FINECOBANK,2.0
CITY,2.0
ENTERCARD GROUP,3.0
BELARUSBANK,2.0
BANK OF THE FSM,3.0
BANCO_COMERCIAL_ATLANTICO,3.0
COOP,2.0
CAIRO AMMAN,2.0
MALDIVES ISLAMIC,3.0
UNITED COMMUNITY,2.0
EUROPAY,3.0
DUPACO_COMMUNITY,3.0
BANK OF JERUSALEM,3.0
DIAMOND TRUST,2.0
NATIONAL COMMERCIAL BANK OF ANGUILLA,3.0
NORTHMILL,3.0
BANK_AUSTRALIA,2.0
CIM,3.0
ICA,3.0
TURKIYE_GARANTI,1.0
CONVERSE,3.0
TREEZOR,3.0
POLICE FINANCIAL,3.0
VALLEY_STRONG,3.0
PHILIPPINE,2.0
AKTIA,2.0
BANK OF CEYLON,2.0
PREPAIP,3.0
EASTMAN,2.0
BGFIBANK,2.0
ALAHLI,2.0
PROMOTORA CMR,3.0
HAWAIIUSA,3.0
ASIA UNITED,2.0
MRV,3.0
NORDDEUTSCHE LANDESBANK,1.0
CONTINENTAL,3.0
WESTCONSIN,3.0
CENTIER,2.0
NFCU,1.0
FIRST ALBANIA,3.0
IDT,3.0
JODAN,2.0
WARBA,3.0
EDUCATORS,3.0
FIRST_SECURITY_BANK,2.0
ATOS,3.0
AMERICAN_AIRLINES,2.0
NEW_WAVE,3.0
MICHIGAN_STATE_UNIVERSITY_FCU,2.0
SAGICOR,2.0
LINCOLN_SAVINGS_BANK_US,3.0
HAPO,3.0
MIDFIRST,2.0
BANCA NAZIONALE,2.0
GORENJSKA,3.0
PBZ,2.0
PRIORBANK,3.0
BANKPLUS,2.0
JORDAN AHLI,3.0
AMERICAN_BANK_OF_INVESTMENTS,3.0
MISSION_FCU,3.0
CU,3.0
BFORBANK,3.0
POLICE_FIRE,3.0
EPAY NEW,3.0
BANNER,2.0
EPOS CARD,3.0
RED_RIVER_EMPLOYEES_FCU,3.0
FALABELLA,2.0
ALOHA_PACIFIC,3.0
SQUARE,3.0
ASA,3.0
WILMINGTON_SAVINGS,3.0
REGIONAL_AUSTRALIA_BANK,3.0
BGL,2.0
BIBANCA,3.0
DCB,2.0
EML,3.0
DIPOCKET,3.0
SEYCHELLES,3.0
ARMENIAN ECONOMY,3.0
ICARD,3.0
COVANTAGE,3.0
JAGO,3.0
TONGA DEVELOPMENT,3.0
BROADVIEW,2.0
BANK OF PUNJAB,2.0
GECU FEDERAL,3.0
CUSCAL,2.0
SWISSQUOTE,2.0
GCB BANK,2.0
STANDARD_CHARTERED_BOTSWANA,2.0
COMPASS,2.0
FAIRWINDS,3.0
FORISGFS UK,3.0
KROO_BANK,3.0
STANDARD_CHARTERED_SINGAPORE,1.0
FIRST COMMERCIAL BANK,2.0
MOONEY,3.0
BANCO_DEL_ESTADO_DE_CHILE,1.0
TESCO PERSONAL,2.0
IPAK YULI BANK UZBEKISTAN,3.0
ROGUE,3.0
MADISON_CF_UK,3.0
BANK OF JORDAN,2.0
LYDIA SOLUTIONS,3.0
GENERAL CARD,3.0
JOVIA_FEDERAL,3.0
WINDWARD ISLANDS BANK,3.0
KITSAP,3.0
CONOTOXIA SP Z OO,3.0
PELICAN,3.0
SINOPAC,2.0
NBUZ,2.0
AXIS,1.0
SALAAM AFRICAN,3.0
SAFARICOM,2.0
SAMPATH,2.0
GREAT_SOUTHERN_BANK,2.0
LATITUDE FINANCIAL,2.0
JAPAN POST,1.0
TF BANK,3.0
QUICKO,3.0
TEACHERS CU,3.0
IMB,3.0
TINKER,2.0
SKYLA_FEDERAL,3.0
GERMAN_AMERICAN,2.0
CALIFORNIA_COAST,3.0
MF,3.0
WESCOM_CENTRAL_CU,2.0
UNIBANK,3.0
SERVE_VIRTUAL,3.0
HEARTLAND,3.0
HABIB,2.0
MAGNIFI,3.0
COASTLINE SPACE,2.0
GESA FEDERAL,2.0
FIO,3.0
POLICE,3.0
UAB BANK,3.0
EMPOWER,3.0
ALPINE,2.0
HAMKORBANK,3.0
CARD COMPLETE,3.0
OMA,2.0
BANCO DE CHILE,1.0
DAPP COLOMBIA,3.0
PRIMA,3.0
ROYAL BANK OF SCOTLAND,1.0
STOCKMAN_MONTANA,3.0
ALTURA,3.0
HAY,3.0
PER,3.0
PRIMECREDIT,3.0
EDUCATIONAL EMPLOYEES,3.0
WEMA,2.0
FOUNDERS,2.0
ATTIJARIWAFA,1.0
MCB,2.0
NATIONAL BANK OF FUJAIRAH,2.0
THINK MONEY,3.0
CANTONALE VAUDOISE,2.0
BARKSDALE_FCU,3.0
BLAZE,3.0
NONGHYUP,1.0
SRP_FCU,3.0
MERITRUST,3.0
FIRST_MERCHANTS_BANK,2.0
FRANKENMUTH,3.0
FIRST_STATE_COMMUNITY_BANK,3.0
BANK OF NOVA SCOTIA JAMAICA LIMITED,2.0
INTERNATIONALE,2.0
ZEMPLER,3.0
HFS FEDERAL CREDIT UNION,3.0
KEESLER_FCU,3.0
MONTEPIO_GERAL,2.0
ALINMA,1.0
UAB,3.0
VICTORIABANK,3.0
AHLI,2.0
BANCO FINANCIERA COMERCIAL,2.0
BANCFIRST,2.0
APCI,3.0
ALIOR SPOLKA,2.0
MASRAF,2.0
DCS,3.0
FEDERAL_BANK,1.0
NEIGHBORS,3.0
TRADE DEVELOPMENT,2.0
AN POS,3.0
SUN_CU,3.0
WELAB,3.0
LAKE_FOREST,3.0
ICBA BANCARD,3.0
FIRST BANK OF NIGERIA,1.0
SUNRATE SOLUTIONS,3.0
WEBSTER,2.0
PREMIER,3.0
SWISSCARD AECS,3.0
DUPONT_COMMUNITY,3.0
UZUM,3.0
SILK,3.0
BNI_MADAGASCAR,3.0
LANDMARK,2.0
POTLATCH_NO1,3.0
AMERICU,3.0
ALLIED,2.0
HORIZON_CU_US,3.0
ANDORRA,3.0
BRAC,2.0
WESBANCO,2.0
SUNWARD,3.0
FLEXEWALLET,3.0
CENTRAL COOPERATIVE BANK SKOPJE,3.0
TRAVIS,3.0
MERCADOLIBRE,2.0
AMIO,3.0
LUZERNER KANTONALBANK,2.0
CREDIT_UNION_OF_COLORADO,3.0
BANCO_COMERCIAL_E_INVESTIMENTOS,2.0
DFCU_BANK,3.0
ONEAZ,3.0
CREDIMAX,3.0
PEAK,3.0
ROMANIAN,2.0
BANCO_DEL_PACIFICO_SA,2.0
HORIZON_BANK_US,2.0
C24,3.0
MIDCOAST FEDERAL CREDIT UNION,3.0
BARRAQ,3.0
BFC,3.0
BURGAN,2.0
FIDELITY_BANK,3.0
WAFD,2.0
SAUDI NATIONAL BANK,1.0
JORDAN KUWAIT,2.0
CENTRAL PACIFIC,2.0
CANADIA,2.0
CAPITAL EDUCATORS FEDERAL CREDIT UNION,3.0
NOVATTI GROUP,3.0
NMB,2.0
ZIRAATBANK,1.0
ORABANK GROUP,2.0
VERMONT_FCU,3.0
NAVIGANT_CU,3.0
BANORTE_MERCANTIL_DEL_NORTE,1.0
BRED MADAGASIKARA,3.0
ALLSOUTH,3.0
ANDREWS,3.0
GULF,2.0
INDEXO,3.0
CITIZENS_NATIONAL_BANK,3.0
SAASTOPANKKIEN KESKUSPANKKI,2.0
KVIKA BANKI,3.0
CRELAN,2.0
THREE RIVERS FEDERAL CREDIT UNION,3.0
SELCOM PAYTECH,3.0
SATHAPANA,2.0
TRANSPECOS_BANK,3.0
ALTRA,3.0
COMMUNITY_TRUST_BANK,2.0
COLUMN ASSOCIATION,3.0
AL HULOOL,3.0
PROVIDENT,2.0
TNG,3.0
KINECTA_FEDERAL,2.0
COLUMBIA_COMMUNITY,3.0
GRANIT,3.0
AMERICAN_HERITAGE,3.0
DAKOTALAND,3.0
GEORGIA UNITED,3.0
SOUTHERN_COMMERCIAL_BANK,3.0
QIK,3.0
AL BARID BANK,2.0
CLARIEN,3.0
RENASANT,2.0
BCP,1.0
BPM,1.0
BCC,3.0
FBC,3.0
HYPOTHEKARBANK LENZBURG,3.0
PIONEER,3.0
BANK OF BARODA,1.0
UNIWYO FEDERAL CREDIT UNION,3.0
GREATER NEVADA,3.0
TRULIANT_FCU,3.0
NCBA KENYA,2.0
BRIM,3.0
ARARATBANK,3.0
WHATCOM_EDUCATIONAL,3.0
MORGAN,1.0
CITIZENS_ALLIANCE_BANK,3.0
COMMERCIAL_BANK_INTERNATIONAL,2.0
PEN_AIR,3.0
LAKE_CITY_BANK,2.0
MIDDLESEX_FEDERAL_SAVINGS,3.0
VIVID MONEY,3.0
C6,2.0
FIBRE_FCU,3.0
4FRONT,3.0
PARK,2.0
AUSWIDE,3.0
EDUCATIONAL FEDERAL CREDIT UNION,3.0
BANK_OF_PALESTINE,2.0
HOME_BANK_NA_US,3.0
GOLOMT,2.0
FIRST_FEDERAL_BANK,3.0
AUSTIN_TEXAS,3.0
BOSNA,3.0
BANKMUSCAT SAOG,2.0
MYSTATE,3.0
KUTXABANK,2.0
CU_SOUTHERN_CALIFORNIA,3.0
GLOBAL COLOMBIA,3.0
SEACOAST,2.0
FIRST_NATIONAL_TRUST_CO,2.0
BOTSWANA_SAVINGS_BANK,3.0
ADVIA,3.0
SWISS BANKERS,3.0
MONABANQ,3.0
TRS_GLOBAL_,1.0
CAVE SHEPHERD,3.0
TRELLANCE,3.0
APS,3.0
ARMED_FORCES,3.0
EASYPAY,3.0
ISLAM_MALAYSIA,2.0
BAHRAIN,2.0
THOMAS COOK,3.0
PAYSAFE PAYMENT SOLUTIONS,3.0
SALTPAY IIB,3.0
DATCU,3.0
KHALEEJI,3.0
HORICON_BANK_US,3.0
BANK_ONE_LIMITED,3.0
PETRA MOBILE,3.0
BANQUE SAUDI FRANSI,1.0
TAIWAN COOPERATIVE,1.0
AYUDHYA CAPITAL,1.0
KEMBA,3.0
FAA_FIRST,2.0
COMMUNITY FIRST FLORIDA,3.0
CARTER_BANK_TRUST,3.0
CREDIT CORP FINANCIAL SERVICES,3.0
AVANTCARD,3.0
AKALA_DE,3.0
STANDARD_CHARTERED_HK,1.0
GUYANA FOR,3.0
SBI,1.0
DOLLAR_BANK,2.0
HUME,3.0
SEACOMM,3.0
KYRGYZSTAN,3.0
FEDERAL BANK LIMITED,1.0
FIRST MID,2.0
HATTON,2.0
CLEARVIEW,3.0
TTCU,3.0
CARDNPAY,3.0
CITIZENS_STATE_BANK,3.0
LGE_COMMUNITY_CU,3.0
KAPITAL JSB,3.0
AKBANK TAS,1.0
CCF,2.0
PAPARA ELEKTRONIK,3.0
STRIPE_UK,2.0
FARMERS AND MERCHANTS,3.0
TEACHERS MUTUAL,3.0
VIETNAM TECHNOLOGICAL,1.0
BTPN,2.0
TEXAS_DOW,3.0
CORNERSTONE,3.0
STANFORD,3.0
UTAH COMMUNITY,3.0
ACCENT,3.0
CPORT,3.0
VDK,3.0
CENTENARY RURAL,3.0
KNAB,3.0
NABIL_BANK,2.0
OXYGEN GLOBAL,3.0
WIREX,3.0
BANK OF EAST ASIA,1.0
JEANNE_DARC,3.0
MYPOS,3.0
MIDLAND_STATES,2.0
OREGON STATE CREDIT UNION,3.0
PHILADELPHIA FEDERAL,3.0
UNIFY_FINANCIAL_CU,3.0
ANDERSON_BROTHERS,3.0
AMERICAN_EAGLE,3.0
PAYNOVATE,3.0
FINDOMESTIC BANCA,2.0
TEXAS_BANK_TRUST,3.0
EMPEOPLE_CREDIT_UNION,3.0
FIRST_ELECTRONIC,3.0
ARROW,3.0
STORI MEXICO,3.0
BANCO COOPERATIVO DE PUERTO RI,3.0
TYMEBANK,2.0
CREDITO,3.0
LIBRO,3.0
FRANKLIN MINT FEDERAL CREDIT UNION,3.0
MARIBANK PHILIPPINES,3.0
RHB,1.0
Y 12 FEDERAL CREDIT UNION,3.0
CITY NATIONAL WV,2.0
CEMBRA MONEY,3.0
AFFINITY_FCU,3.0
PARTNERS_FCU,3.0
VIETCOMBANK,1.0
HARBORONE,3.0
NATIONAL BANK OF EGYPT,1.0
COMMUNITY NATIONAL BANK,3.0
AGROBANK,2.0
HONG LEONG,1.0
KANMU,3.0
AIRWALLEX,2.0
FIRST ATLANTIC,3.0
BAIDURI BERHAD,3.0
OCEANFIRST,2.0
WORLDLINE FINANCIAL,2.0
HOLVI_PAYMENT_SERVICES_FI,3.0
CAPITAL_CITY,3.0
RIO_GRANDE,3.0
MASTERCARD MDS FOR EUROPE DEBIT ACQUIRER AND NON EUROPEAN DEBIT ISSUER,3.0
TENNESSEE_VALLEY_FCU,3.0
KAPITAL,2.0
ALIF,3.0
SOLARIS,3.0
SOONER_STATE,3.0
SIERRA_LEONE_COMMERCIAL_BANK,3.0
ALFALAH,2.0
BLOM,2.0
COMMERCIAL BANK OF ETHIOPIA,1.0
NUVISION_FCU,3.0
EASTRISE_FEDERAL,3.0
FARMERS_BANK_AND_TRUST,3.0
SERVIRED SOCIEDAD,3.0
WASHINGTON_FEDERAL_BANK,2.0
FORIS ASIA,3.0
SAUDI AWWAL,1.0
ELEVATIONS,3.0
BULGARIAN AMERICAN,3.0
FIRST_ENTERTAINMENT,3.0
DANNEMORA FEDERAL CREDIT UNION,3.0
PEOPLES_BANK_AND_TRUST,3.0
COMMUNITY_CHOICE,3.0
FREEDOM_MARYLAND,3.0
FIRST_FAMILY,3.0
STATE FOR,2.0
CARDLESS,3.0
RUPAY PLATINUM,3.0
EQUALS MONEY,3.0
STAR ONE,2.0
L AND N FEDERAL CREDIT UNION,3.0
KUWAIT,2.0
NICOLET,2.0
ISRAEL POSTAL,3.0
ADVANCIAL,3.0
AMERICAN_UNITED,3.0
WASHINGTON TRUST BANK,2.0
AEGON,1.0
CAPE_COD,3.0
CANARA BANK,1.0
MORTON_COMMUNITY,3.0
MEMBERS,3.0
SBS_MONEY,3.0
BANCO_INTERATLANTICO_CV,3.0
QUDOS MUTUAL,3.0
BANKA EKONOMIKE,3.0
UTAH FIRST,3.0
AUDI SAL,2.0
PENAIR,3.0
FLORIDA_CREDIT_UNION,3.0
NOBLE,3.0
DATA_CENTER,3.0
COMMUNITY_RESOURCE_CU,3.0
BLACKHAWK,3.0
SAN_LUIS_VALLEY_FEDERAL_BANK,3.0
BANK CLER,3.0
ULSTER BANK,2.0
MEMBERS_COOPERATIVE_CU,3.0
AMERICAN_NATIONAL_TEXAS,2.0
EURO KARTENSYSTEME,3.0
SPAREKASSEN SJAELLAND,3.0
1ST_SOURCE,2.0
COMMUNITY_1ST,3.0
VALLEY NATIONAL,2.0
S AND T,2.0
MILITARY,2.0
RPAY,3.0
GUARDIAN,3.0
D_COMMERCE_BANK_AD,3.0
VALLEY_FIRST,3.0
YOURSAFE,3.0
SKANDIABANKEN,2.0
SOUTHSIDE_BANK,2.0
POMELO TECNOLOGIA,3.0
POUR,2.0
TECHNOBANK,3.0
GOLDENWEST,3.0
ISLAM BRUNEI,2.0
GREAT_LAKES,3.0
MINNWEST,3.0
IH MISSISSIPPI VALLEY,3.0
IDFC FIRST,2.0
ORRSTOWN,3.0
FAST,3.0
HOMETOWN,3.0
GPO_FCU,3.0
INDUSTRIAL CONSTRUCTION,1.0
ALLEGACY_FCU,3.0
BPR,3.0
BANK OF IRELAND UK,1.0
ARAB JORDAN,2.0
CREDO,3.0
BONUM PANKKI,3.0
CREDIT UNION,3.0
CLEARWATER,3.0
AMEX UK CONSUMER CHARGE,2.0
CENTRIS_FCU,3.0
TURK EKONOMI,2.0
QUALSTAR,3.0
TONGASS_FEDERAL_CREDIT_UNION,3.0
FIVE_STAR,3.0
GEORGIAS_OWN,3.0
TRUSTONE,3.0
FAMILY_BANK_KENYA,3.0
ABOUND_FCU,3.0
AMOCO,3.0
TRUMARK,3.0
INDIANA UNIVERSITY CREDIT UNION,3.0
PIERMONT,3.0
FOREIGN_TRADE_BANK_CAMBODIA,3.0
RALLY,3.0
TRI_CITY_NATIONAL_BANK,3.0
ANSTAFF,3.0
POSTANSKA STEDIONICA,2.0
BIC,3.0
CAPITOL_FEDERAL_SAVINGS,2.0
OBOSBANKEN,3.0
SMART CARD,3.0
VOLKSBANK,3.0
CHEVRON,3.0
BELL,2.0
DEFENCE,3.0
RIDGEWOOD_SAVINGS,2.0
ONE NEVADA,3.0
WALLESTER,3.0
CONNEX,3.0
LIBERIAN BANK FOR DEVELOPMENT AND INVESTMENT,3.0
FIVE_NINE,3.0
SB,1.0
FIRST_CAPITAL_BANK_LIMITED,3.0
BELAGROPROMBANK,2.0
TRUE NORTH,3.0
TRUSTMARK,2.0
ALKURAIMI ISLAMIC,3.0
NAYAPAY,3.0
RAVE,3.0
AVAL SOLUCIONES,3.0
BASLER KANTONALBANK,2.0
WAYNE,3.0
NG_CASH,3.0
BEACON,3.0
RED_CANOE,3.0
FOX_COMMUNITIES,3.0
PINNACLE_WYOMING,3.0
FIRST CITY,2.0
SULLIVAN,3.0
AZURA,3.0
TELCO_COMMUNITY,3.0
SOCIETE MONETIQUE,3.0
HUGHES_FCU,3.0
INDEPENDENCE_KENTUCKY,3.0
ZEAL,3.0
EVOCABANK,3.0
HTLF BANK,2.0
ARKANSAS,3.0
CAPITAL_,3.0
LOS_ANGELES_FCU,3.0
NATIONAL_BANK_OF_COMMERCE,3.0
STERLING,2.0
ABANCA CORPORACION,2.0
UNITY,3.0
SILK ROAD,3.0
CREDIT_UNION_OF_TEXAS,3.0
FIRST RATE,3.0
KHAN,2.0
BBVA ARGENTINA,2.0
LISTERHILL,3.0
CUSTOMERS,2.0
FIRST_STATE_AND_TRUST,3.0
FIRST_SERVICE_CU,3.0
ZIGAMA CSS,3.0
LIECHTENSTEINISCHE LANDESBANK,2.0
GREYLOCK,3.0
BANK_OF_NEVIS,3.0
DIAMOND_LAKES,3.0
1ST FINANCIAL BANK USA,3.0
BURKE AND HERBERT BANK AND TRUST COMPANY,3.0
HUA,1.0
CB AND S BANK,3.0
ZUGER KANTONALBANK,2.0
CAISSE POPULAIRE ALLIANCE,3.0
NORTHERN INLAND,3.0
UNION_BANK_TRUST,3.0
AAFAQ ISLAMIC,3.0
BASISBANK,3.0
TRUST MERCHANT,3.0
BAY,3.0
CETELEM,2.0
RELYANCE,3.0
BANK_FUND_STAFF_FCU,3.0
US_EAGLE,3.0
ONEUNITED,3.0
SECURITY_STATE_BANK_TRUST,3.0
INSTITUTES_HEALTH,3.0
CNB,3.0
ENFUCE LICENSE,3.0
REGENT,3.0
CHARTWAY_FCU,3.0
EXCHANGE_BANK,3.0
STANDARD_CHARTERED_KENYA,2.0
MAUI_COUNTY,3.0
IQ,3.0
BANCO_INTER,2.0
FARMERS_MERCHANTS_CENTRAL,3.0
PYRAMID,3.0
FIRST_CENTRAL_STATE,3.0
XPOLLENS,3.0
GVS PREPAID,3.0
GRANT_COUNTY,3.0
QUEENSTOWN,3.0
FEDEX_EMPLOYEES_FCU,3.0
FIRST ZAMBIA,3.0
ALOQABANK,3.0
CAISSE POPULAIRE ACADIENNE,3.0
BEOBANK,3.0
RIZE_FCU,3.0
WORKERS_CREDIT_UNION,3.0
BANKA SPARKASSE,3.0
DEZELNA SLOVENIJE,3.0
INTERNATIONALE POUR,3.0
INTERBANK,2.0
ST MARY,3.0
BYBIT,3.0
PARITETBANK,3.0
SKYWARD CREDIT UNION,3.0
AMBANK BERHAD,2.0
DAH_SING,2.0
LINE TAIWAN,3.0
ASKARI,2.0
ALTA BANKA AD BITOLA,3.0
BERKSHIRE,2.0
OUACHITA_VALLEY_FCU,3.0
SAVINGS BELARUSBANK,2.0
FIRST_HERITAGE,3.0
ITHINK,3.0
OPERATIVE,3.0
AMERICHOICE,3.0
COMPLEX COMMUNITY FEDERAL CREDIT UNION,3.0
SUNBELT_FEDERAL,3.0
SOUTHERN_BANK,3.0
AUSTIN_TELCO,3.0
MORA BANC,3.0
BPOST,3.0
TWISTO PAYMENTS,3.0
LULO,3.0
INTERRA,3.0
COMPROPAGO SA DE CV IFPE,3.0
EBIXCASH WORLD,3.0
FORT_BRAGG,3.0
BIRD_IN,3.0
DEEM,3.0
ALANDSBANKEN ABP,3.0
BILLINGS,3.0
OPERATING ENGINEERS LOCAL,3.0
INDIANA_MEMBERS,3.0
ISLAND_FCU,3.0
SOMERSET,3.0
RICHWOOD,3.0
VIBE,3.0
FIRSTLIGHT,3.0
SECURITY_STATE_BANK,3.0
RINGKJOEBING LANDBOBANK,2.0
BOWATER_EMPLOYEES,3.0
COMMUNITY_BANK_MISSISSIPPI,3.0
SECURITY_BANK_KANSAS_CITY,3.0
MOKELUMNE FEDERAL CREDIT UNION,3.0
HOUSTON_FCU,3.0
HAWAII COMMUNITY,3.0
COMMUNITY,3.0
ALTANA_FEDERAL,3.0
COOSA_PINES,3.0
CENTRA,3.0
GOVERNMENT_SAVINGS_BANK_TH,2.0
MID AMERICAN CREDIT UNION,3.0
FIRST_SOURCE,2.0
GENERAL_ELECTRIC,3.0
RYSGAL_BANK,3.0
FREEDOM_FIRST,3.0
CANOPY,3.0
UNIVERSITY_KENTUCKY,3.0
BANK OF AFRICA UGANDA,3.0
ROGALAND SPAREBANK,3.0
MASTERCAJAS,1.0
FIVEPOINT,3.0
RIVERWAYS_FEDERAL,3.0
BLUE,3.0
FORTEBANK,2.0
STOCK_YARDS,2.0
KYASH,3.0
ABNB,3.0
BANK_FIRST,3.0
PEARL_HAWAII_FCU,3.0
EGYPT,1.0
EXIM,2.0
FARMERS_CANFIELD,3.0
ENTERPRISE TRUST,2.0
PIONEER_FCU,3.0
RELIABANK_DAKOTA_US,3.0
FINANCIERA_EL_CORTE_INGLES_ES,3.0
WESTERRA,3.0
WICHITA_FALLS,3.0
EASY PAYMENT,3.0
FOREST AREA FEDERAL CREDIT UNION,3.0
UNITED HERITAGE,3.0
RIZAL,2.0
AMP,2.0
TRUSTCO,3.0
CU_HAWAII_FCU,3.0
DADE_COUNTY,3.0
ROCKY_MOUNTAIN_CU,3.0
HONDA,3.0
AU_FINANCIAL_SERVICES_INDIA,2.0
MAINSTREET,3.0
MAITLAND MUTUAL,3.0
ABERDEEN_PROVING,3.0
AEC_MEXICO,3.0
OHIO_VALLEY,3.0
ONE FEDERAL CREDIT UNION,3.0
ULSTER_SAVINGS_BANK_US,3.0
INBANK_EE,3.0
BANK OF SAINT LUCIA,3.0
HILLTOP NATIONAL BANK,3.0
CARROLLTON BANK,3.0
MARIES_COUNTY,3.0
MARINE,3.0
JOINT STOCK COMPANY BELARUSIAN SWISS BANK BSB BANK,3.0
FIRST_FINANCIAL_MD,3.0
MISR,1.0
S1LK PAY,3.0
FIRST NEIGHBOR BANK,3.0
NATIONAL COMMERCIAL,2.0
ALPHA FINANZAS,2.0
GIRASOL PAYMENT,3.0
FIRST UKRAINIAN,2.0
PRIMEWAY_FCU,3.0
PEOPLE_FIRST,2.0
ACCESBANQUE MADAGASCAR,3.0
RESURS,3.0
T2P,3.0
ORANGE AFRICA,3.0
GATHER,3.0
CREDIT_HUMAN,3.0
BANKISLAMI_PAKISTAN,2.0
SA_ARAB_NATIONAL_BANK,1.0
ORANGE,3.0
BANQUE_CENTRALE_POPULAIRE,2.0
SAN_DIEGO,3.0
MACHIAS_SAVINGS,3.0
PEOPLES_SECURITY_BANK_TRUST,3.0
TRAVEL UNION UAB,3.0
HOLY_ROSARY,3.0
MAC,1.0
FAYETTE_COUNTY,3.0
BRD,2.0
ALABAMA_ONE,3.0
BANCO_BEST,3.0
NOVUM,3.0
SERVICE_FIRST_FCU,3.0
COMMUNITY FIRST,3.0
FARMERS_MERCHANTS_STATE_BANK,3.0
TBBK,2.0
TTK,3.0
WE_FLORIDA,3.0
CA_CONSUMER_FINANCE,2.0
BANCO MERCANTIL DEL NORTE SA INSTITUCI?N DE BANCA M?LTIPLE GRUPO FINANCIERO,1.0
UNITED COMMERCIAL,2.0
FAMILY_FIRST,3.0
NEXTIER,3.0
RADIANT,3.0
PROVISIONAL_FIDELITY_BANK_PLC,2.0
NETWORK PAYMENT,2.0
BLACKHAWK_BANK,3.0
FAA,3.0
DORT,3.0
PROFINIUM,3.0
NASA,3.0
BANK CENTERCREDIT,2.0
SPARDA VERBAND,2.0
PENN_COMMUNITY,3.0
GRONLANDSBANKEN A S,3.0
SPIRITBANK_US,3.0
KELLOGG_COMMUNITY,3.0
SUMMERLAND FINANCIAL,3.0
WESTMARK,3.0
UMASS_FIVE_COLLEGE_FCU,3.0
BENNINGTON STATE BANK,3.0
EGLIN_FCU,3.0
AIB GROUP,1.0
BELARUSKI NARODNY,3.0
CANANDAIGUA NATIONAL BANK AND TRUST COMPANY,3.0
LIGHTHOUSE FEDERAL CREDIT UNION,3.0
TEG_FCU,3.0
ONEFOR KOSOVO,3.0
HSBC MEXICO SA INSTITUCION DE BANCA MULTIPLE GRUPO FINANCIERO,1.0
BCSC,3.0
LEGEND,3.0
TOKA INTERNACIONAL SAPI DE CV,3.0
VIA,3.0
VICTORIA TEACHERS,3.0
ZIINA,3.0
UNITEDONE,3.0
TEXANS,3.0
BANKPACIFIC,3.0
PAHRANAGAT_VALLEY_FCU,3.0
ORANGE BANK AFRICA SENEGAL,3.0
FIRST_BERNE,3.0
MBILLS DOO,3.0
UNITED SOUTHERN,3.0
PUBLIX_EMPLOYEES,3.0
JAMESTOWN,3.0
KLP BANKEN,3.0
CHINA CITIC,1.0
LIBERTY_FEDERAL,3.0
COASTHILLS_FCU,3.0
FREMONT_BANK,3.0
FIRST_FARMERS,3.0
GENERATIONS COMMUNITY FEDERAL CREDIT UNION,3.0
SMART,3.0
ASSET,3.0
WACO,3.0
SACRAMENTO CREDIT UNION,3.0
ACCENTRA,3.0
DEL_NORTE,3.0
BRIGHTSTAR,3.0
BTC,3.0
WILSON BANK AND TRUST,3.0
FIRST_FIDELITY_BANK_US,3.0
2_RIVERS_AREA_CU,3.0
MERCADOLIBRE SRL,2.0
FIMASER,3.0
SIOUXLAND,3.0
UNION_BANK_COMPANY,2.0
GREENFIELD SAVINGS BANK,3.0
FIRSTMARK,3.0
ORIENT_FINANS,3.0
MID ATLANTIC FEDERAL CREDIT UNION,3.0
PROFED,3.0
SELFRELIANCE FEDERAL CREDIT UNION,3.0
MKB,2.0
CAMDEN,2.0
ASOCIACION_CIBAO,3.0
BANKERS_WEST,3.0
CAMBODIAN,2.0
CURRENSEA,3.0
SUPERIOR,3.0
SELF HELP FEDERAL CREDIT UNION,3.0
SUSQUEHANNA_VALLEY_FCU,3.0
PARK_FCU,3.0
DEXSTA,3.0
RCB,3.0
TOWER_FCU,3.0
DIME,2.0
SEVEN_SEVENTEEN,3.0
KIRTLAND_FCU,3.0
PLATTE_VALLEY,3.0
HOMETOWN_CORBIN,3.0
INTOUCH,3.0
NBC OKLAHOMA,3.0
FINEX,3.0
OKALI,3.0
CAIXA ANGRA,3.0
PAYNET SERVICES,3.0
TRIODOS,2.0
WATERTOWN SAVINGS BANK,3.0
FIRST_NORTHERN,3.0
RIGHTCARD PAYMENT,3.0
BAYPORT,3.0
COLORADO_CU,3.0
IROQUOIS FEDERAL,3.0
EAST_TEXAS,3.0
BANCO ATLANTIDA,2.0
1ST UNITED,3.0
IRONWORKERS USA FEDERAL CREDIT UNION,3.0
GREENE_COUNTY,3.0
TYNDALL_FCU,3.0
UKRAINIAN SELFRELIANCE FEDERAL CREDIT UNION,3.0
BANQUE POUR LE COMMERCE ET LINDUSTRIE MER ROUGE,3.0
ASN BANK,2.0
TELHIO,3.0
SMARTBANK,2.0
MCCURTAIN_COUNTY,3.0
SOARION_FCU,3.0
GROW_FINANCIAL_FCU,3.0
JTRUST ROYAL,3.0
SOCIEDAD CONJUNTA,3.0
UCO BANK,2.0
PLANTERS,3.0
SPAR NORD,2.0
BANK_OF_THE_BAHAMAS,3.0
PODRAVSKA,3.0
MID MINNESOTA FEDERAL CREDIT UNION,3.0
SHIGA,2.0
TRIUS,3.0
TOGETHER,3.0
MIDDLETOWN_VALLEY,3.0
MONTANA,3.0
AMERICAN_1,3.0
SOUTH_WEST_SLOPES_CU,3.0
STATE_FCU,3.0
HONOR,3.0
CALIFORNIA,3.0
CALVIN_TAYLOR,3.0
CITIZENS_COMMUNITY,3.0
TOWN AND COUNTRY FEDERAL CREDIT UNION,3.0
TRONA VALLEY,3.0
ERIE_FCU,3.0
BANK_OF_COMMUNICATIONS,1.0
HILLS BANK AND TRUST COMPANY,3.0
TEYA SOLUTIONS,3.0
ZAMBIA,2.0
SCHWYZER KANTONALBANK,2.0
POLSKIEJ SPOLDZIELCZOSCI,2.0
THOMASVILLE_NATIONAL_BANK,3.0
HAWAIIAN_FINANCIAL,3.0
FALL_RIVER,3.0
PLAINSCAPITAL,2.0
TRUECORE,3.0
CITIZENS_BANK_SWAINSBORO_US,3.0
EDUCATIONAL_GOVERNMENTAL_EMPLOYEES_FCU,3.0
EDUCATION FIRST FEDERAL CREDIT UNION,3.0
BANK_OF_COLORADO,2.0
LATINO_COMMUNITY_CU,3.0
ORION,3.0
UKRSIBBANK,2.0
MAVERICK,3.0
AFRILAND FIRST,2.0
PECOS_COUNTY,3.0
SABINE_STATE,3.0
UNION_COMMERCIAL_BANK,3.0
AGRICULTURAL,1.0
OPPORTUNITY BANK OF MONTANA,3.0
BOBCARD,3.0
CHINA GUANGFA,2.0
ASTROBANK,3.0
FIRST_FARMERS_MERCHANTS_BANK,3.0
KRUNGTHAI CARD PUBLIC COMPANY,3.0
FREEDOM BANK,3.0
LIBERTYVILLE_BANK_TRUST,3.0
FIRST_FLORIDA,3.0
BAYCOAST,3.0
BEACON_TRUST,3.0
LOCAL GOVERNMENT FEDERAL CREDIT UNION,3.0
KUDA MICROFINANCE BANK,3.0
BIG_BEND,3.0
USALLIANCE_FCU,3.0
RBL,2.0
RIYAD,1.0
RED WING CREDIT UNION,3.0
OMNI_COMMUNITY,3.0
WEALTHSIMPLE,3.0
FIRST GLOBAL BANK,3.0
FIRST_NATIONAL_BANK_CENTRAL_TEXAS,3.0
OLDENBURGISCHE LANDESBANK,2.0
OLD_GLORY,3.0
OPTIMUS CARDS UK,3.0
BKN301,3.0
KASKASKIA VALLEY COMMUNITY CREDIT UNION,3.0
UNIFIED,3.0
FIRSTBANK DRC,3.0
UNION BANK TAIWAN,2.0
WEPCO_FCU,3.0
ADVANCED PAYMENT,3.0
CAIXA ECONOMICA FEDERAL,1.0
REVOLUT BANK UK,2.0
COOPERATIVA,3.0
NORTHWEST_COMMUNITY_CU,3.0
KINETIC,3.0
US EAGLE FEDERAL CREDIT UNION,3.0
WILDFIRE,3.0
RAVNAQ BANK PRIVATE JOINT STOCK COMMERCIAL BANK,3.0
ONPATH,3.0
DIRECTIONS,3.0
BANQUE_DU_CAIRE,2.0
BANQUE_LAURENTIENNE_DU_CANADA,2.0
FIRELANDS,3.0
COASTLINE UNION,3.0
UNIVERSO IME,3.0
TRAX_FCU,3.0
CARVER STATE BANK,3.0
IRELAND BANK,3.0
MERCED_SCHOOL_EMPLOYEES_FCU,3.0
FORTIFI,3.0
CACHE_VALLEY,3.0
UNION_BANKA_SARAJEVO,3.0
LOGAN,3.0
MONTERRA UNION,3.0
CREWS_BANK_TRUST,3.0
JAMAICA OPERATIVE,3.0
ARKEA_DIRECT,2.0
VALLEY FINANCIAL,2.0
STATE_COCHRAN,3.0
LYONS NATIONAL BANK,3.0
MID OREGON FEDERAL CREDIT UNION,3.0
DALHART,3.0
UME,3.0
VALLEY_ISLE,3.0
FIRST_OPTION,3.0
AMEX UK GLOBESTAR,3.0
SIERRA,3.0
CENTRAL ONE,2.0
COMMONWEALTH BANK,1.0
VELOBANK,2.0
COMMONWEALTH FEDERAL,3.0
GREATER_IOWA,3.0
VODAFONE FIJI,3.0
OCBC BANK,1.0
PAI PAY FINANCE,3.0
BANKFIRST,3.0
UICC,3.0
WASHINGTON TRUST COMPANY,2.0
US_COMMUNITY_CU,3.0
MID_PENN_BANK,2.0
AMERICAN_FIRST,3.0
FAYSAL,2.0
REV_FCU,3.0
FRANDSEN,3.0
HIGHLAND,3.0
JOURNEY BANK,3.0
MAINE STATE CREDIT UNION,3.0
VERVE,3.0
TRUNORTH,3.0
RAILWAYS UNION,3.0
MEMBERSOURCE,3.0
SOUTH_CENTRAL_BANK,3.0
FINABANK,3.0
GROENLANDSBANKEN,3.0
OVERSEA CHINESE BANKING CORPOR,1.0
CRANE,3.0
NEW_JERSEY,3.0
FEB IMPRINT,3.0
PT BANK KEB HANA INDONESIA,3.0
INTL HDQTRS CENTER OWNED,
WINTHROP_AREA,3.0
FIRST_CITY,3.0
LAFAYETTE_STATE,3.0
PEACH_STATE_FCU,3.0
GENERATIONS,3.0
GULF_COAST,3.0
FERGUSON FEDERAL CREDIT UNION,3.0
NEIGHBORHOOD,3.0
NODAWAY_VALLEY,3.0
FINANCE_HOUSE_UAE,3.0
AIR,2.0
THINK MUTUAL,3.0
SECURITY_FEDERAL_SAVINGS,3.0
BANK OF TAMPA,3.0
COMMUNITY_NATIONAL_BANK_TRUST,3.0
RESOURCE_ONE,3.0
FIRST_FED_BANK,3.0
LANDESBANK BERLIN,2.0
FIRST_FEDERAL_SAVINGS,3.0
PING,1.0
CO OPERATIVE,3.0
FIRST_BASIN,3.0
BISON_STATE,3.0
BLACK_HILLS,3.0
NBS_BANK,3.0
STATE_BANK_SOUTHERN_UTAH,3.0
BYLINE BANK,2.0
SOCIETE GENERALE HAITIENNE DE BANQUE SA SOGEBANK,3.0
PRIORITYONE,3.0
BENCHMARK_COMMUNITY,3.0
ECOBANK RDCSARL,3.0
OUR_COMMUNITY_CU,3.0
FIRST_NATIONAL_BANK_EASTERN_ARKANSAS,3.0
BANKUNITED,2.0
MEMBER_SUPPORT_SERVICES,3.0
AION,3.0
DE VOLKSBANK,2.0
INTREPID,3.0
MICHIGAN_FIRST_CU,3.0
BANKFIRST FINANCIAL SERVICES,3.0
LAND TAIWAN,2.0
IDEAL,3.0
AXOS,2.0
FIRST NATIONAL BANK IN SIOUX FALLS,3.0
SOUTH INDIAN BANK LTD,2.0
BANK_GABORONE_BW,3.0
INDIAN_OVERSEAS_BANK,2.0
APPALACHIAN_COMMUNITY_FCU,3.0
FIRST_MANNING,3.0
ARBOR FINANCIAL CREDIT UNION,3.0
MERCK_SHARP,3.0
FIRST NATIONAL BANK OF LOUISBURG,3.0
OSCHADBANK,2.0
ATLAS SOCIEDAD,3.0
ORIGIN BANK,2.0
RHB BANK CAMBODIA,3.0
MARTHAS_VINEYARD,3.0
CORNING FEDERAL CREDIT UNION,3.0
COMMUNITY FIRST BANK,3.0
JOINT STOCK COMPANY KREDOBANK,3.0
UNITUS_COMMUNITY,3.0
NORTH SIDE BANK AND TRUST COMPANY,3.0
WYHY_FCU,3.0
CITIZENS BANK OF KENTUCKY,3.0
PIMA,3.0
CREDIT_UNION_WEST,3.0
ABILENE TEACHERS FEDERAL CREDIT UNION,3.0
TLC_COMMUNITY,3.0
FREEDOM NORTHWEST CREDIT UNION,3.0
FINANCIAL TRUST,3.0
CECILIAN,3.0
SUNFLOWER_NA,2.0
SAINSBURY,3.0
SECURITY BANK AND TRUST COMPANY,3.0
NESC,3.0
PHILLIP,3.0
ALGBRA_FS,3.0
AVAILA,3.0
STANDARD_CHARTERED_UGANDA,2.0
DOCHES,3.0
FARMERS_BANK,3.0
FIELD AND MAIN BANK,3.0
TURKISH BANK,3.0
PT HONEST FINANCIAL TECHNOLOGIES,3.0
NORTHERN_SKIES,3.0
UNIVERSITY OF VIRGINIA COMMUNITY CREDIT UNION,3.0
BAYLOR_HEALTHCARE,3.0
HORIZON_FEDERAL_CU_US,3.0
JD,3.0
IBERCAJA,2.0
SOUTHERN_BANK_TRUST,2.0
SHARON CRESCENT UNITED,3.0
ATLANTIC,3.0
CASSA CENTRALE BANCA CREDITO,2.0
SPARISJODUR AUSTURLANDS,3.0
TORRINGTON_SAVINGS,3.0
QUAD_CITY_BANK_TRUST,3.0
FIRST CITIZENS NATIONAL BANK,3.0
OAS_STAFF_FCU,3.0
FIRST_STATE_KEYS,3.0
UNICRE,1.0
WESTBY_OP,3.0
MACARTHUR CREDIT UNION,3.0
GREENLEAF_WAYSIDE,3.0
UNIVERSITY_MICHIGAN,3.0
WHITAKER,3.0
ALABAMA,3.0
FIRST AND,3.0
ALLIANCE_BANK,2.0
BAKAI,3.0
HOMETRUST BANK,3.0
CENTRAL_BANK_GENERIC,3.0
SPARESKILLINGSBANKEN,3.0
STATE DEPARTMENT FEDERAL CREDIT UNION,3.0
CENTRAL_WILLAMETTE,3.0
SYNERGY,3.0
CHAMPION,3.0
CHECKOUT,2.0
SONY,2.0
CB BANK PCL,2.0
LIMESTONE,3.0
MARGINALEN,3.0
ATOMIC,3.0
CHOICEONE,3.0
SOUTHERN_ENERGY_CU,3.0
LEGACY_NATIONAL_BANK,3.0
MARION,3.0
CENTRAL NATIONAL BANK,3.0
SUCCESS FEDERAL CREDIT UNION,3.0
CASCADE COMMUNITY FEDERAL CREDIT UNION,3.0
TECHNOLOGY,3.0
AVADIAN,3.0
ARTESIA,3.0
CARVER FEDERAL SAVINGS BANK,3.0
LAKE,3.0
ISTARSKA KREDITNA,3.0
ARTISANS BANK,3.0
JORDAN COMMERCIAL BANK,3.0
BLUE_RIDGE,3.0
SALEM_FIVE,2.0
BANK OF CLARKSON,3.0
BEE,3.0
COTTON_BELT,3.0
ISLAMI BANK BANGLADESH,2.0
GRAND ALTITUDE FEDERAL CREDIT UNION,3.0
GRAND JUNCTION FEDERAL CREDIT UNION,3.0
BRANCH BANKING AND TRUST COMPANY,1.0
BRAVERA,3.0
BANK OF EAST ASIA LIMITED,2.0
BRAZOS_VALLEY,3.0
NATIONALE,3.0
UHS_EMPLOYEES_FCU,3.0
BREAD_CYCLE,2.0
SARASWAT CO OPERATIVE BANK,2.0
WATERSTONE_SSB,3.0
BANK OF FRANKLIN COUNTY,3.0
GUADALUPE CREDIT UNION,3.0
NATCO_CU,3.0
FIRST CHOICE AMERICA COMMUNITY FEDERAL CREDIT UNION,3.0
GULF COAST COMMUNITY FEDERAL CREDIT UNION,3.0
RAWBANK,2.0
SAVINGS_BANK_OF_WALPOLE,3.0
BANCO_NACIONAL_DE_COSTA_RICA,2.0
NEWRIZONS FEDERAL CREDIT UNION,3.0
MTBANK,1.0
NEW_PEOPLES_BANK,3.0
DECATUR_EARTHMOVER,3.0
FIRST_NEBRASKA_CU,3.0
FIRST_DAKOTA_NATIONAL,3.0
RIVER BANK AND TRUST,3.0
RIVERFALL CREDIT UNION,3.0
FIRST_CITIZENS,1.0
CY FAIR FEDERAL CREDIT UNION,3.0
BELLWETHER_COMMUNITY,3.0
FLY,3.0
RHB BANK,1.0
BELARUSIAN RUSSIAN BELGAZPROMBANK JS,2.0
FOCUS,3.0
BANK OF ABYSSINIA,2.0
UP,3.0
VJA,3
UNLIMIT EU,3.0
RSNB_BANK,3.0
NORTHERN ROCK,2.0
VOSTOK,3.0
FORT_WORTH,3.0
CREDIT_UNION_SOUTHERN_CA,3.0
BELAGROPR,2.0
ALIGN,3.0
HANSEATIC,3.0
SCHAFFHAUSER KANTONALBANK,3.0
WOORI BANK,1.0
INDUSTRIAL_WHATCOM,3.0
AMERICAS CREDIT UNION A FEDERAL CREDIT UNION,3.0
COBALT,3.0
METABANK,2.0
SILVER_STATE,3.0
SINGING_RIVER,3.0
MERIDIAN TRUST,3.0
BANKFINANCIAL,3.0
ESSENTIAL,3.0
THRIVENT FEDERAL CREDIT UNION,3.0
1ST,3.0
EQUITAS_SMALL_FINANCE_BANK,2.0
I AND M BANK RWANDA,3.0
BANK_OF_AFRICA,2.0
MEMBERS_EXCHANGE_FCU,3.0
PRINCE GEORGES COMMUNITY FEDERAL CREDIT UNION,3.0
SKYONE_FEDERAL,3.0
INTERBANK BANCO INTERNACIONAL DEL PERU,2.0
ZED FINANCIAL PH,3.0
INTRUST,2.0
INVEST,3.0
POPULAR,2.0
EMIGRANT,3.0
TENSAS,3.0
COMMUNITY_PARTNERS_SAVINGS,3.0
OOSTBURG STATE BANK,3.0
BANK SIMPANAN NASIONAL,2.0
PEOPLES_NATIONAL,3.0
HEB_FCU,3.0
TRUISTY,1.0
PENINSULA_FEDERAL,3.0
TRUE_COMMUNITY_CU,3.0
HERITAGE_FAMILY,3.0
MOUNTAIN,3.0
COMMUNITY WEST,3.0
SECURITY_FINANCIAL_BANK,3.0
TOPSIDE,3.0
TRIANGLE,3.0
BANQUE RAIFFEISEN,1.0
AMBRAW,3.0
COMMUNITY FINANCIAL CREDIT UNION,3.0
FAMILIES AND SCHOOLS TOGETHER FEDERAL CREDIT UNION,3.0
PHELPS_COUNTY,3.0
FAMILY_TRUST,3.0
PETIT JEAN STATE BANK,3.0
AMERICAN_BANK_AND_TRUST,3.0
HOPESOUTH,3.0
LEGACY_TRUST,3.0
PALMETTO CITIZENS,3.0
PLUMAS_BANK,3.0
QUEST,3.0
OPERATING_ENGINEERS_LOCAL3_FCU,3.0
PAYMENT CARD SOLUTIONS UK,3.0
CENTRAL SAVINGS BANK,3.0
PECUNIA CARDS EDESLU,3.0
CAROLINA_TRUST,3.0
ONEY,2.0
MERIDIAN BANK,3.0
CACL,3.0
SOUTHLAND,3.0
MONTECITO BANK AND TRUST,3.0
SEYLAN,2.0
MANSA,3.0
CAMBRIDGE_SAVINGS_BANK_US,2.0
MIDCOUNTRY,3.0
MERIDIAN,2.0
SOUTHSTAR,3.0
MERCY,3.0
BANCARD,3.0
SKY,3.0
MEMBER_ONE,3.0
SKYLINE NATIONAL BANK,3.0
MEMBERS PLUS CREDIT UNION,3.0
MEDIRECT MALTA,3.0
CAROLINAS_TELCO,3.0
SECURITY_BANK_USA,2.0
MULTIPLE SANTA,3.0
BEREKE,2.0
BANK AL,2.0
OK,3.0
RIPCO_CU,3.0
RIVERVIEW_COMMUNITY_BANK,3.0
BIG HORN,3.0
BIGBANK,3.0
BIGPAY,3.0
BAKER_BOYER,3.0
NORTHERN KENTUCKY FEDERAL CREDIT UNION,3.0
BANCO_PRIVADO_ATLANTICO_EUROPA,3.0
BRUNING BANK,3.0
BPN ODEME VE ELEKTRONIK PARA HIZMETLERI ANONIM SIRKETI,3.0
SALT BANK,3.0
CEDAR_RAPIDS,3.0
BRIDGER,3.0
BANCO POPULAR DOMINICANO CP,2.0
MACYS,2.0
NASA_FCU,3.0
BROADWAY,3.0
AUSTRALIA NATIONAL,1.0
TAISHIN INTL BANK,2.0
AMERICAN_RIVIERA,3.0
ALLPAY,3.0
CONSUMERS FEDERAL CREDIT UNION,3.0
GREENWOOD,3.0
DFCC,2.0
TAIWAN SHIN KONG COMMERCIAL BANK,2.0
CITIZENS_BANK_MINNESOTA,3.0
UFIRST,3.0
BANKNEWPORT,3.0
FIRST UNITED BANK AND TRUST,3.0
STATE NEBRASKA,3.0
UNCLE CREDIT UNION,3.0
AMPLIFY CREDIT UNION,3.0
JSC,3.0
ALTA_VISTA,3.0
ASIA COMMERCIAL BANK,2.0
EVERGREEN,3.0
ASKIM_SPYDEBERG_SPAREBANK,3.0
EVANS,3.0
SWAN,3.0
ABBEY,3.0
YAMANASHI CHUO BANK,2.0
VISTA BANK,3.0
KARNATAKA BANK,2.0
ECOBANK GUINEA BISSAU,3.0
UNITED ASIA FINANCE,3.0
WV_GUARD,3.0
WASATCH_PEAKS,3.0
FIRST_COMMERCE,3.0
HUDSON_RIVER_COMMUNITY_CU,3.0
WHITE SANDS FEDERAL CREDIT UNION,3.0
COASTAL1 CREDIT UNION,3.0
WEST_PLAINS_BANK_TRUST,3.0
DUTCH_POINT,3.0
INROADS_FEDERAL,3.0
INTERNATIONAL BANK OF AZERBAIJAN,2.0
FARMERS_STATE_ALTO_PASS_IL,3.0
COAST_CENTRAL,3.0
TEXOMA_COMMUNITY,3.0
TOMPKINS_COMMUNITY,3.0
FIRST_NEW_YORK,3.0
DL EVANS BANK,3.0
WSFX GLOBAL,3.0
HONOLULU,3.0
WELLWORTH,3.0
COMMUNITY FIRST BANKING,3.0
DIETERICH,3.0
CLARK_COUNTY,3.0
HI_LAND,3.0
FAMILY_SAVINGS,3.0
HD SAISON FINANCE,3.0
FIRST GUARANTY,3.0
FAIRMONT FEDERAL CREDIT UNION,3.0
CITIZENS AND FARMERS BANK,3.0
UNIBANK CJCS,3.0
FIRST_STATE_BANK_BLAKELY,3.0
YUANTA,2.0
802,3.0
FIRST_STATE_BANK_UVALDE,3.0
CHINAUNIONPAY,1.0
FIRST_MISSOURI_SEMO,3.0
DC_TEACHERS,3.0
FIRST_SAVINGS_HEGEWISCH,3.0
CHINA CITIC BANK INTERNATIONAL,1.0
ATTIJARI MAURITANIE,3.0
EFCU_FINANCIAL_FCU,3.0
ST_LOUIS,3.0
USC_CU,3.0
STOREBRAND_ASA,2.0
DAKOTA_PLAINS,3.0
4U,3.0
UNOBANK,3.0
FORCHT BANK,3.0
1ST_GATEWAY,3.0
AL ARAFAH ISLAMI BANK,2.0
FIRST_NATIONAL_NORTH,3.0
FRANKLIN,3.0
CAJA SOCIAL,2.0
FIRST BANK OF ALABAMA,3.0
NW PREFERRED FEDERAL CREDIT UNION,3.0
BANK OF KIGALI,2.0
PARK_SIDE,3.0
DENVER_COMMUNITY,3.0
BFV,3.0
FIRST_NATIONAL_BANK_TRUST_CHICKASHA,3.0
AMERICAN SOUTHWEST CREDIT UNION,3.0
HNB_NATIONAL_BANK,3.0
AIRWALLEX UK,3.0
BIDVEST,2.0
HIGHMARK,3.0
HERITAGE_SOUTH_COMMUNITY_CU_US,3.0
BUY,3.0
REGIGOLD,3.0
COMMUNITY_CONNECT,3.0
ALVA STATE BANK AND TRUST COMPANY,3.0
MILLARD_COUNTY,3.0
RIVER_CITY_BANK,3.0
FIN_PLUS,3.0
SERVU_FCU,3.0
INDIANA_STATE_UNIVERSITY,3.0
COASTLIFE,3.0
INCREDIBLEBANK,3.0
SIMPLICITY CREDIT UNION,3.0
BAR HARBOR,3.0
RIVERFORK FEDERAL CREDIT UNION,3.0
RIVERMARK COMMUNITY CREDIT UNION,3.0
FICOHSA NICARAGUA,3.0
UZBEK INDUSTRIAL,2.0
TIME_FEDERAL_SAVINGS,3.0
FIDELITY_DEPOSIT,3.0
R G,3.0
IH_MISSISSIPPI_VALLEY_CU,3.0
TINKOFF BANK,1.0
WEST_CENTRAL_BANK,3.0
BASELLANDSCHAFTLICHE_KANTONALBANK,2.0
COLLINS_COMMUNITY,3.0
COMMERCIAL BANK OF MALDIVES,3.0
WESTREET,3.0
NSIA_BANQUE,2.0
AL BILAD BANK,2.0
RIYADH,1.0
FINOM_PAYMENTS,3.0
FLORENCE BANK,3.0
FIRST INTERNET BANK OF INDIANA,3.0
TRUSTAR,3.0
VOCAL,3.0
DBS BANK INDIA,1.0
COUNTY,3.0
NORTH COUNTRY FEDERAL CREDIT UNION,3.0
GLOBAL IME,2.0
UNION BANK INDIA,1.0
FIRST_IN,3.0
BANCO_DO_BRASIL,1.0
NORION,3.0
VERITY,3.0
VIVA PAYMENT,3.0
CREDIT CARD SERVICES JORDAN,3.0
DESERT_VALLEYS,3.0
CREDIT_FIRST,3.0
UNISON CREDIT UNION,3.0
FRANKLIN_SAVINGS,3.0
AFT,3.0
SABA AFRICAN BANK,3.0
BANCO_REPUBLICA_URUGUAY,2.0
DESERET_FIRST,3.0
FSNB_BANK,3.0
FREESTAR FINANCIAL,3.0
RY,1.0
BNB_BANK,3.0
VERABANK,3.0
NORTHEAST_BANK,3.0
NORTHEAST_COMMUNITY_CU,3.0
SAUDI INVESTMENT BANK,2.0
NRB,3.0
HARVESTER FEDERAL CREDIT UNION,3.0
RELIANT_COMMUNITY,3.0
FRONTIER_COMMUNITY_CU,3.0
NOVO DOS,2.0
MYGEORGIA CREDIT UNION,3.0
OMAN_ARAB_BANK,2.0
MYNT,3.0
GUNNISON BANK AND TRUST CO,3.0
BEEHIVE_FCU,3.0
NAHEOLA_CREDIT_UNION,3.0
VTB,1.0
BANCOBU,3.0
GUARDIANS,3.0
SASFIN,3.0
ALPHA FINANZAS S A,2.0
UQPAY,3.0
NATIONAL BANK OF GREECE,2.0
ORSKOG SPAREBANK,3.0
NOVA,3.0
COOSA_VALLEY,3.0
FOCUS BANK,3.0
SANDHILLS_STATE,3.0
FOROYA BANKI,3.0
BANCO COMAFI,3.0
BANK OF BHUTAN,2.0
QUEENSBOROUGH_NATIONAL_BANK,3.0
KSU FEDERAL CREDIT UNION,3.0
EDUCATION,3.0
EIDSBERG SPAREBANK,3.0
JORDANIAN_ELAF,3.0
PORT CONNEAUT FEDERAL CREDIT UNION,3.0
CARD SERVICES FOR CREDIT UNIONS,3.0
YOUNG_AMERICANS,3.0
CENTRALANATIONAL BANK AND TRUST COMPANY OF ENID,3.0
APPLIED,3.0
CLASS_ACT,3.0
LIBERIAN FOR,3.0
KEYPOINT CREDIT UNION,3.0
LOC,3.0
ENPARA BANK A S,3.0
CITY UNION BANK,2.0
STRAIT_VIEW,3.0
PUBALI BANK,2.0
SOGEXIA,3.0
TADHAMON,3.0
PERFECT CIRCLE CREDIT UNION,3.0
CIC,1.0
ENVISION,3.0
EPAYLINKS TECHNOLOGY,3.0
WIREBARLEY,3.0
AVIDIA BANK,3.0
BANKWEST,3.0
PURDUE,3.0
BANKTENNESSEE,3.0
DUTCH_BANGLA,2.0
JM ASSOCIATES FEDERAL CREDIT UNION,3.0
MATANUSKA_VALLEY,3.0
BANK OF THE VALLEY,3.0
BANK SAMAN,3.0
CHA TEL FEDERAL CREDIT UNION,3.0
AV,2.0
MEDIOLANUM,1.0
JOINT STOCK COMMERCIAL BANK MOLDINDCONBANK,3.0
EMERGE GROUP,3.0
PINE COUNTRY BANK,3.0
POINTS_WEST,3.0
LEGACY_COMMUNITY_FCU,3.0
POINT_BREEZE,3.0
LEBANON,3.0
TEXAS_TRUST,3.0
JACKSBORO,3.0
LONE_STAR,3.0
MAURITANIENNE POUR,3.0
JSCB TBC,2.0
ORIENT,3.0
SAITAMA RESONA,1.0
YAMPA_VALLEY,3.0
MACHHAPUCHCHHRE,2.0
GFA_FCU,3.0
LUSTER SPAREBANK,3.0
BANKERS_BANK,3.0
SAHELO SAHARIENNE,3.0
ALL_ONE,3.0
AFRASIA,3.0
MADISON_COUNTY,3.0
SOUTHERN_CHAUTAUQUA,3.0
BANCA POPOLARE DELLALTO ADIGE,3.0
EXPRESS,1.0
AFG BANK COMORES,3.0
ABBOTT_LABORATORIES,3.0
VPBANK,2.0
JORDAN,2.0
CITIZENS_BANK_LAS_CRUCES,3.0
UKRAINIAN NATIONAL FEDERAL CREDIT,3.0
SANIMA BANK,2.0
GREATER_ALLIANCE,3.0
JOYO,2.0
GRANITE_STATE,3.0
GRANITE,3.0
FIRST_BASTROP,3.0
SOUTH_INDIAN_BANK,2.0
ALL_IN,3.0
PJSC BANK ALLIANCE,3.0
FIRST US COMMUNITY,3.0
TABLE ROCK COMMUNITY BANK,3.0
EBS BUILDING SOCIETY,3.0
FIRST_FOUNDATION,3.0
SUNWEST EDUCATIONAL CREDIT UNION,3.0
FIRST_NATIONAL_COMMUNITY_BANK,3.0
ENDURANCE FEDERAL CREDIT UNION,3.0
FIRST_MIDWEST_BANK_OZARKS,3.0
FNB_PORT_LAVACA,3.0
FNBC,3.0
LEWIS_CLARK,3.0
PORT WASHINGTON STATE,3.0
CENTRAL_BANK_ILLINOIS,3.0
CHANG HWA,2.0
CENTRAL_KEYSTONE,3.0
STOCK EXCHANGE BANK,3.0
AFRICAN BANKING CORPORATION OF BOTSWANA,3.0
STILLMAN BANCCORP,3.0
POWER,3.0
OAK_RIDGE,3.0
BANKHOMETOWN,3.0
PREMIER AMERICA CREDIT UNION,3.0
BERMUDA COMMERCIAL BANK,3.0
STATE BANK OF BOTTINEAU,3.0
STATE BANK OF THE LAKES,3.0
FIRST_ONTARIO_CU,3.0
DAY AIR CREDIT UNION,3.0
FORGE,3.0
FORT_FINANCIAL_FCU,3.0
ONE_TENNESSEE,3.0
SPENCER_SAVINGS,3.0
LOTTE_CARD,2.0
UNITED BANK MICHIGAN,3.0
ESKHATA,3.0
CREDIT_UNION_OF_AMERICA,3.0
CREDIT_UNION_OF_GEORGIA_US,3.0
LOKAHI,3.0
PRIORITY TRUST CREDIT UNION,3.0
RESONA,1.0
FIRST_HARRISON,3.0
UNITED CUMBERLAND BANK,3.0
CINFED_FCU,3.0
KIRKPATRICK,3.0
A,3.0
ST_LAWRENCE,3.0
LIFECARD,3.0
ATLAS CONSOLIDATED,3.0
KOHLER CREDIT UNION,3.0
ALATAU CITY BANK,2.0
SKAGERRAK SPAREBANK,3.0
ALPIAN,3.0
ALPHA BANK ROMANIA,2.0
ANOR,3.0
PERMATA,2.0
IFIC,2.0
HOME_STATE,3.0
HOME_FEDERAL_GRAND_ISLAND,3.0
SAUDI BRITISH,1.0
RBC BANK,1.0
ADVANTAGE,3.0
SOLDO_IRELAND,3.0
SOLUTIONS NORTH BANK,3.0
BANQUE MAROCAINE DU COMMERCE EXTERIEUR,2.0
SELBU SPAREBANK,3.0
ISLANDSBANKI,2.0
HOME BANK SB,3.0
WINTRUST,2.0
MONTEREY,3.0
REDWOOD CAPITAL BANK,3.0
SIERRA CENTRAL CREDIT UNION,3.0
MONTICELLO,3.0
PUTNAM 1ST MERCANTILE BANK,3.0
HOME_TRUST_COMPANY_CA,3.0
WEST BRANCH VALLEY FEDERAL CREDIT UNION,3.0
BANQUE POPULAIRE OC,2.0
FINANCIAL_HORIZONS_CU_US,3.0
COMMERCIAL TRUST COMPANY OF FAYETTE,3.0
SHARONVIEW,3.0
MEDIAPOLIS_SAVINGS,3.0
ION,3.0
FARMERS_FRANKFORT,3.0
FARMERS_DROVERS,3.0
TOSS BANK,2.0
MID HUDSON VALLEY,3.0
DISTRICT FEDERAL CREDIT UNION,3.0
WINDSOR_FEDERAL_SAVINGS,3.0
SHINE RESUNGA DEVELOPMENT BANK,3.0
HOUSTON TEXAS FIRE FIGHTERS FEDERAL CREDIT UNION,3.0
PUBLIC SERVICE 3,3.0
HOPEWELL,3.0
MILFORD BANK,3.0
BANCO DE LA PAMPA,3.0
TEXAS COMMUNITY BANK,3.0
FIRST FEDERAL VAN WERT,3.0
TELCO_PLUS,3.0
MOREHEAD COMMUNITY,3.0
MARINE CREDIT UNION,3.0
INOVA_FEDERAL,3.0
COMMUNITY STATE BANK,3.0
OZARK,2.0
FIRST NATIONAL BANK OF GRANBURY,3.0
CONSOLIDATED FEDERAL CREDIT UNION,3.0
INDEPENDENCE,3.0
INNOVATION CREDIT UNION,3.0
DOS,1.0
MARIN,3.0
AE THAILAND,2.0
ALTAMAHA BANK AND TRUST COMPANY,3.0
BANCO BRADESCO,1.0
GULF COAST BANK,3.0
INDUSTRIAL AND COMMERCIAL BANK OF CHINA ARGENTINA,2.0
CASE,1.0
MARIBANK PHILIPPINES INC (A,3.0
TBK BANK,3.0
COOP BANK A/S,3.0
SOUTH LOUISIANA BANK HOUMA LOUISIANA,3.0
CITY STATE BANK,3.0
EASTEX,3.0
WAUKESHA_STATE,3.0
CLEARWATER FEDERAL CREDIT UNION,3.0
HERITAGE_FINANCIAL,2.0
BANK OF UTAH,3.0
MASSMUTUAL FEDERAL CREDIT UNION,3.0
AMALGAMATED,2.0
IVES,3.0
BUSEY,2.0
HAWAII CENTRAL FEDERAL CREDIT UNION,3.0
ACADIA,3.0
HAWTHORN,3.0
MT_MCKINLEY,3.0
COMMERCIAL BANK OF TEXAS,3.0
BANKVEREIN WERTHER AKTIENGESELLSCHAFT,3.0
FARMERS_MERCHANTS_COLBY,3.0
DOCK_TECH,3.0
QUORUM,3.0
EMPRISE BANK,3.0
PRAIRIE_COMMUNITY_BANK,3.0
FARMERS_MERCHANTS_UNION,3.0
FIRST_NATIONAL_BANK_ALASKA,2.0
RIO,3.0
WICHITA FEDERAL CREDIT UNION,3.0
FILER,3.0
WIDGET FEDERAL CREDIT UNION,3.0
FEDCHOICE_FCU,3.0
OLYMPIA FEDERAL SAVINGS AND LOAN ASSOCIATION,3.0
FICARE,3.0
OLD SECOND NATIONAL BANK,3.0
AIRPLUS,3.0
BANQUE CHALUS,3.0
FARMERS_INSURANCE,3.0
FIRST_AMERICAN,2.0
EXCITE,3.0
EXTRAS TEST VISA,3.0
AFFINITY FIRST,3.0
VOLUNTEER_FEDERAL_SAVINGS,3.0
OWN BANK THE RURAL BANK OF CAVITE CITY,3.0
WAILUKU_FEDERAL,3.0
ORKLA SPAREBANK,3.0
XP,2.0
BANK OF DE SOTO,3.0
WARWICK CREDIT UNION,3.0
EAST_AFRICA_BANK,3.0
WASHINGTON COUNTY,3.0
DESTINATIONS,3.0
BANKESB,3.0
VISTA FCU,3.0
FINANCIAL HEALTH,3.0
POCKET CARD,3.0
WAYNE COUNTY,3.0
FIRST FEDERAL BANK OF LOUISIANA,3.0
ADVENTHEALTH,3.0
OPTAL FINANCIAL EUROPE,3.0
FARMERS AND MERCHANTS BANK OF ST CLAIR,3.0
VIBRANT,3.0
WEOKIE_FCU,3.0
FIRST AND FARMERS NATIONAL BANK,3.0
WESTERN COOPERATIVE,3.0
POMELO TECNOLOGIA PERU SAC,3.0
FIRST_KENTUCKY_BANK,3.0
ADAMS_COMMUNITY,3.0
FIRST_MILACA,3.0
PRIORITY ONE CREDIT UNION,3.0
LAND_LINCOLN,3.0
MICHIGAN_SCHOOLS_GOVERNMENT_CU,3.0
MEMBERSALLIANCE,3.0
BANCO DAVIVIENDA HONDURAS,3.0
INDIANA HEARTLAND FEDERAL CREDIT UNION,3.0
TIB,3.0
MERCHANTS BANK,3.0
INGERSOLL_RAND,3.0
MEMBERS_CHOICE,3.0
INTERNATIONAL OF TAJIKISTAN,3.0
TEXELL,3.0
MERRIMACK_VALLEY,3.0
MCKESSON_HEALTHCARE,3.0
TEXAS GULF BANK,3.0
IOWA STATE BANK,3.0
SOHAR,2.0
ISABELLA,3.0
MAZUMA CREDIT UNION,3.0
TENNESSEE_STATE_BANK,3.0
INCOMMONS_NA,3.0
TIEN PHONG,2.0
MASTERCARD MDS FOR EUROPE DE,1.0
MINNEQUA_WORKS,3.0
AMERICAN STATE BANK,3.0
HOMETOWN_ALABAMA,3.0
HOMETOWN_PENNSYLVANIA,3.0
HOME_FEDERAL_BANK_TN,3.0
MODULR FS,3.0
SENTINEL FEDERAL CREDIT UNION,3.0
MIRASTAR_FCU,3.0
HOOSIER HILLS CREDIT UNION,3.0
CANAL_BANK,3.0
TOWNEBANK,2.0
SHAHJALAL ISLAMI BANK,2.0
COMMERCIAL_BANK_TRUST,3.0
COMMERCIAL_BANK_THE,3.0
TIOGA STATE BANK,3.0
SIDNEY_FCU,3.0
OHIO_EDUCATIONAL,3.0
SOMERSET HILLS BANK,3.0
ITAU CORPBANCA,2.0
SECURITY_FIRST_BANK,3.0
CHEMUNG_CANAL_TRUST,3.0
STAFFORD_SAVINGS_BANK_US,3.0
KLAR TECHNOLOGIES SA DE CV SFP,3.0
CHRISTIAN,3.0
STRATA,3.0
B1,2.0
STANDARD BANK LIMITED MALAWI,3.0
LEVO_FCU,3.0
CHELSEA_GROTON,3.0
KEYS,2.0
LEADCO_COMMUNITY,3.0
STELLAR,3.0
STB UNION BANK TRINIDAD,3.0
STATE_STREET_BANK_TRUST,1.0
LAUNCH,3.0
CGR,3.0
LAKE_HURON,3.0
LISBON_COMMUNITY,3.0
CITIZENS BANK AND TRUST,3.0
MASCOMA,3.0
CITIZENS_FIRST_BANK,3.0
JACKSON COUNTY BANK,3.0
SOOPER,3.0
ARAB BANKING,2.0
CITY_COUNTY,3.0
CITY BANK AND TRUST,3.0
JEFFERSON BANK,3.0
MAQUOKETA_STATE,3.0
ARMCO,3.0
SPERO FINANCIAL,3.0
SOUTH_GEORGIA_BANKING,3.0
SPAREBANK 1 SMN,2.0
KANBAWZA,2.0
SPAREBANKEN DIN,3.0
CITIZENS INDEPENDENT BANK,3.0
SUNWEST_FCU,3.0
KASIKORN BANK,1.0
AMBANK_ISLAMIC,2.0
PREPAID SERVICES COMPANY LIMIT,3.0
NATIONAL BANK OF KENYA,2.0
CUMBERLAND_BUILDING_SOCIETY,3.0
RVR BANK,3.0
GENCO,3.0
ELKO,3.0
HABIB METROPOLITAN BANK,2.0
CREDIT UNION FOR ROBERTSON COUNTY,3.0
HIGH POINT FEDERAL CREDIT UNION,3.0
BANCO NACIONAL ULTRAMARINO,3.0
TXN,3.0
GRUE_SPAREBANK_NO,3.0
UBS BANK USA,2.0
NORTHWOODS_COMMUNITY,3.0
ROUND_TOP,3.0
BANK IOWA,3.0
NET FEDERAL CREDIT UNION,3.0
BREAD FINANCIAL,2.0
UNIVERSITY OF TOLEDO FEDERAL CREDIT UNION,3.0
GLACIER_HILLS,3.0
SAN_FRANCISCO,3.0
ALASKA_AIR,3.0
CORDA,3.0
FRIEND BANK,3.0
GNBANK,3.0
UNICREDIT NV/SA,2.0
MUTUAL_SECURITY_CU,3.0
TURKIYE HALK,1.0
BANCO MULTIPLE ADEMI,3.0
GATEWAY BANK,3.0
FUBON BANK,2.0
HIGH PLAINS BANK,3.0
FYNSKE BANK A/S,3.0
VALITOR,3.0
HERITAGE_FCU,3.0
CREDIT_UNION_ONE,3.0
COMMUNITY_SOUTH_CU,3.0
MTCU,3.0
NYKREDIT,1.0
BUILTWELL,3.0
GREATER_CLEVELAND,3.0
BMI_FEDERAL,3.0
NEW ORLEANS FIREMENS FEDERAL CREDIT,3.0
MUSCAT,1.0
FIRST_WESTERN,3.0
FIVE STAR CREDIT UNION,3.0
CONEXUS,2.0
CUSB BANK,3.0
ALATAU CITY BANK JOINT STOCK,3.0
UNITED STATES SENATE FEDERAL CREDIT UNION,3.0
SWISSCARD AECS GMBH REVOLVE,3.0
ASOCIACION POPULAR DE AHORROS Y PRESTAMOS,2.0
ASAKABANK,2.0
RYSGAL,3.0
SPAREBANK 68 GRADER NORD,3.0
SWEETWATER REGIONAL FEDERAL CREDIT UNION,3.0
SOUTHWEST MONTANA COMMUNITY FEDERAL CREDIT UNION,3.0
WAYNE_TRUST,3.0
ASTRA,3.0
RUPAY CLASSIC,2.0
VALLEYSTAR,3.0
RIVER VALLEY CREDIT UNION,3.0
STAR TECH,3.0
PRIME BANK,2.0
44 NORTH CREDIT UNION,3.0
UTAH POWER,3.0
STANDARD_CHARTERED_PAKISTAN,2.0
BANK OF ANN,3.0
ZIKLO BANK AB,3.0
URW COMMUNITY,3.0
VELOCITY,3.0
BAHRAIN COMMERCIAL FACILITIES,3.0
PRIME_FINANCIAL,3.0
STALEY CREDIT UNION,3.0
PRIMIS,3.0
VENTURA_COUNTY,3.0
TARJETAS BANAMEX SA DE CV SO,1.0
STURGIS BANK AND TRUST COMPANY,3.0
STADSBYGD SPAREBANK,3.0
ST JEANS CREDIT UNION,3.0
BALOISE BANK SOBA,3.0
ATLANTA POSTAL,3.0
UNITED_CITIZENS,3.0
XACBANK,2.0
BANCO_SECURITY,2.0
TRADITIONAL,3.0
BANCO DA AFRICA OCIDENTAL,3.0
SAVINGS_BANK_GENERIC,3.0
QUINCY,3.0
BANCO DE CORRIENTES,3.0
SIGNATURE BANK OF ARKANSAS,3.0
WEST_ALABAMA,3.0
AF PAYMENTS,3.0
TRUWEST,3.0
SEYCHELLES CREDIT UNION,3.0
TOYOTA,3.0
SEASONS FEDERAL CREDIT UNION,3.0
BANK OF THE RYUKYUS,2.0
SEATTLE METROPOLITAN CREDIT UNION,3.0
BANCO DEL AUSTRO,3.0
ADIRONDACK,3.0
SECUPAY,3.0
SENSE_BANK,2.0
BANK OF EASTERN OREGON,3.0
WELCH STATE BANK OF WELCH OKLA,3.0
WEBSTER_FIRST,2.0
TRANSCARD FINANCIAL SERVICES AD,3.0
TRI_CITIES_CU,3.0
WEX BANK,2.0
RESOURCE_NA,3.0
TCT FEDERAL CREDIT UNION,3.0
SOCIETE TUNISIENNE DE BANQUE,2.0
UNITED BANK AND TRUST,3.0
SOUTH OTTUMWA SAVINGS BANK,3.0
PROVEN CAYMAN,3.0
AFRICAN BANK,2.0
PROVIDUS,2.0
BANK OF CENTRAL FLORIDA,3.0
WINSOUTH,3.0
APL,3.0
UNION SAVINGS BANK,3.0
AOD FEDERAL CREDIT UNION,3.0
ACCESS_COMMUNITY_,3.0
THORNAPPLE CREDIT UNION,3.0
UNICO,3.0
SOCIETE GENERALE ALGERIE,2.0
ANZBANK,1.0
TEXAS_CAPITAL_BANK,2.0
TEXAS_TECH_FCU,3.0
VOYAGE,3.0
THINKWISE,3.0
THIRD COAST BANK,3.0
THOMASTON SAVINGS BANK,3.0
AKTIF YATIRIM BANKASI,2.0
ELGA,3.0
121 FINANCIAL CU,3.0
GOPPERT STATE SERVICE BANK,3.0
NATIONAL POLICE FEDERAL CREDIT UNION,3.0
NATIONAL BANK OF OMAN,2.0
GREATER_TEXAS,3.0
GREAT_OAKS,3.0
GREENFIELD,3.0
CONWAY,3.0
MYZOI FINANCIAL INCLUSION TECHNOLOGIES,3.0
MYUSA,3.0
BRYANT STATE BANK,3.0
COMTRUST FEDERAL CREDIT UNION,3.0
HARRISON BUILDING AND LOAN ASSOCIATION,3.0
BSK,3.0
HEBRON_SAVINGS,3.0
HEREFORD_TEXAS,3.0
HERITAGE BANK OF THE OZARKS,3.0
HERITAGE SOUTH,3.0
HINSDALE BANK AND TRUST COMPANY,2.0
COMMUNITY SERVICE CREDIT UNION,3.0
MULTIPLE_LOPEZ_DE_HARO,3.0
MTC,3.0
HOLYOKE,3.0
MOSAIK CREDIT UNION,3.0
MORROW_ASA,3.0
HOMELAND,3.0
HOMESTEAD_BANK_US,3.0
HOMESTREET_BANK_US,2.0
HOPE,2.0
CORTRUST BANK,3.0
COSMOTE PAYMENTS,3.0
CAJA LABORAL,2.0
GOETZ,3.0
FIRST_HUTCHINSON,3.0
DANSKE BANK AKTIESELSKAB DENMARK SWEDEN BRANCH,1.0
FIRST_NATIONAL_BANK_HUNTSVILLE,3.0
DANIELS_SHERIDAN,3.0
DAKOTA_WESTERN,3.0
BE_LTD,3.0
OCEANAIR FEDERAL CREDIT UNION,3.0
OAKSTAR,3.0
FIRST_OWASSO,3.0
NYMCARD PAYMENT,3.0
FIRST_PIEDMONT,3.0
DAKOTA COMMUNITY BANK AND TRUST,3.0
D360 BANK,3.0
FIVE POINTS BANK OF HASTINGS,3.0
FM_TRUST,3.0
CUMBERLAND COUNTY FEDERAL CREDIT UNION,3.0
CULLMAN SAVINGS BANK,3.0
CROSSROADS FINANCIAL FEDERAL CREDIT UNION,3.0
NORTH COAST CREDIT UNION,3.0
FOWLER STATE BANK,3.0
BNA BANK,3.0
FRANKLIN STATE BANK AND TRUST COMPANY,3.0
FRANKLIN_SOMERSET,3.0
BOM BANK,3.0
NEW,
GARDEN CITY TEACHERS,3.0
BOTSWANA_BUILDING_SOCIETY,3.0
HOUSTON HIGHWAY CREDIT UNION,3.0
CAL COM,3.0
FIRST_COUNTY,3.0
CAPITAL_AREA,3.0
CAR,3.0
CARDINAL CREDIT UNION,3.0
KANSAI,2.0
CITIZENS BANK OF WEST VIRGINIA,3.0
MAYO_EMPLOYEES_FCU,3.0
MARSHLAND CREDIT UNION,3.0
CHRISTIAN COMMUNITY CREDIT UNION,3.0
CHOCOLATE BAYOU COMMUNITY FCU,3.0
CHAMBERS BANK,3.0
MANULIFE_BANK_OF_CANADA,2.0
MANUFACTURERS,2.0
LANCO_FCU,3.0
MANHATTAN BANK,3.0
CAT ADMINISTRADORA DE TARJETAS,3.0
CERTIFIED_FCU,3.0
LAXMI SUNRISE BANK,2.0
MAGYAR COFIDIS BANK ZRT,3.0
LBS_FINANCIAL_CU,3.0
MAGNET MAGYAR KOZOSSEGI BANK ZRT,3.0
LEDYARD NATIONAL BANK,3.0
LEGENCE,3.0
LEWIS AND CLARK BANK,3.0
LOTUSS_MONEY,3.0
LOS ANGELES POLICE,3.0
LONE STAR NATIONAL BANK,3.0
LITTLE_HORN,3.0
LOCAL_CREDIT_UNION,3.0
JSB PIVDENNYI,2.0
CITIZENS_BANK_GUYANA,3.0
I C,1.0
JOINT STOCK COMPANY UKRSIBBANK,2.0
COMMERCIAL STATE BANK OF WAGNER,3.0
COMMERCIAL INTL BANK EGYPT SAE,1.0
COMMERCIAL BANK OF AFRICA,2.0
CALIFORNIA EBT ISSUED BY AFFILIATED COMPUTER SERVICES,3.0
COINK,3.0
IFAST GLOBAL BANK,3.0
IKANO BANK AB,3.0
MIDWEST,3.0
IMAGOR,
INDUSTRIEL,1.0
INNOVATION IPAK,3.0
INSIGHT,3.0
INVESTEC,2.0
CLAY_CITY_BANKING,3.0
CAMPUS_USA_CU,3.0
IRAQ ELECTRONIC,3.0
CLACKAMAS COUNTY BANK,3.0
ITAU UNIBANCO HOLDING,1.0
CJSC DUSHANBE CITY BANK,3.0
JAMMU AND KASHMIR BANK LTD,2.0
MERIWEST,3.0
MERCHANTS NATIONAL BANK,3.0
JEFFERSON PARISH EMPLOYEES FEDERAL CREDIT UNION,3.0
MERCHANTS AND PLANTERS BANK,3.0
MERCHANTRADE ASIA,3.0
JOINT STOCK COMPANY CARTU BANK,3.0
JOINT STOCK COMPANY FIRST UKR,2.0
FIRST_EAGLE,3.0
GREAT BASIN FEDERAL CREDIT UNION,3.0
FARMERS NATIONAL BANK OF DANVILLE,3.0
FIRST PORT CITY BANK,3.0
FINANCIAL PARTNERS CREDIT UNION,3.0
BANQUE DE CREDIT DE BUJUMBURA,3.0
BAY CITIES CREDIT UNION,3.0
FIREFIGHTERS COMMUNITY CREDIT UNION,3.0
FIRST AMERICAN BANK AND TRUST,3.0
PIEDMONT ADVANTAGE CREDIT UNION,3.0
FIRST BANK HAMPTON,2.0
FIRST CITIZENS COMMUNITY BANK,3.0
PASADENA FEDERAL CREDIT UNION,3.0
DGB,3.0
BC MOLDINDCONBANK,2.0
ECOBANK CENTRAFRIQUE,3.0
FIRST NATIONAL,2.0
PLANTERS BANK,3.0
ESB FINANCIAL,3.0
ENTROPAY,3.0
FIRST NATIONAL BANK OF TOM BEAN,3.0
FIFTH THIRD PROCESSING SOLUTIONS,1.0
EXCHANGE BANK AND TRUST,3.0
EZ LINK,3.0
PENTUCKET,3.0
FAMILY SECURITY CREDIT UNION,3.0
FARM BUREAU BANK,3.0
PEOPLESBANK,3.0
FARMERS AND MERCHANTS BANK AND TRUST,3.0
PEOPLES TRUST,3.0
PEOPLES OWN,3.0
PEOPLES_CREDIT_UNION,3.0
EAGLE BANK AND TRUST,3.0
F AND M,3.0
FARMERS_STATE_CALHAN_CO,3.0
EASTMILL,3.0
BANQUE POPULAIRE VA,2.0
PETEFISH SKILES AND CO BANK,3.0
BARRINGTON_NA,3.0
BAR_CONS,1.0
PAYTEND EUROPE,3.0
PANTEX,3.0
EVABANK,3.0
PREFERRED CREDIT UNION,2.0
EFEVOO PAY SAPI DE CV,3.0
ORLANDO,3.0
ENRICHMENT FEDERAL CREDIT UNION,3.0
ORLAND SPAREBANK,3.0
BELCO,3.0
PADUCAH BANK AND TRUST COMPANY,3.0
ELECTRIC COOPERATIVES FEDERAL CREDIT UNION,3.0
EMBOLD_FCU,3.0
OUCU FINANCIAL CREDIT UNION,3.0
POLICEMENS FEDERAL CREDIT UNION,3.0
FIRST_ALLENDALE,3.0
BEGINNINGS,3.0
FIRST SENTINEL BANK,3.0
EIKA KREDITTBANK,3.0
EL DORADO SAVINGS BANK,3.0
FIRST SOUTHERN NATIONAL BANK,3.0
PAN PACIFIC INTERNATIONAL FINANCIAL SERVICE,3.0
EMBERS,3.0
FIRST_COAST_COMMUNITY,3.0
JONESTOWN BANK AND TRUST COMPANY OF JONESTOWN PENNSYLVANIA,3.0
JEFF BANK,3.0
F AND M COMMUNITY BANK,3.0
STADIL SPARKASSE,3.0
ARMSTRONG,3.0
EXTRA,3.0
TCM BANK,3.0
TAUNTON_FCU,3.0
WORLD FIRST UK,3.0
LEWISBURG BANKING COMPANY,3.0
CENTRAL VIRGINIA,3.0
JOINT STOCK BANK UKRGASBANK,2.0
CITY NATIONAL BANK OF FLORIDA,2.0
ABC,2.0
TAYLOR,3.0
LANIER_FEDERAL,3.0
EASTERN UTAH COMMUNITY,3.0
ST PAUL,3.0
WOLF POINT FEDERAL CREDIT UNION,3.0
INTERSTATE CREDIT UNION,3.0
LLC CB EL BANK,3.0
CLEAR MOUNTAIN BANK,3.0
TEXIM,3.0
INVESTBANK,3.0
WISE PAYMENTS NEW ZEALAND,2.0
INVEX CONSUMO SA DE CV SOFOM ER INVEX GRUPO FINANCIERO,3.0
INWOOD NATIONAL BANK,3.0
LIVERPOOL PC,3.0
TEXANA BANK,3.0
FAIRFIELD_FEDERAL,3.0
ST MARYS CREDIT UNION,3.0
WOOD AND HUSTON BANK,3.0
EMBLEM,3.0
CLAY COUNTY BANK,3.0
CLASSIC,3.0
TENNESSEE EMPLOYEES CREDIT UNION,3.0
CLARION_COUNTY,3.0
STANDARD CHARTERED BANK NIGERIA,1.0
TELCOE,3.0
CENTRAL_BANK_TRUST_CO,3.0
LESCO,3.0
JS BANK PAKISTAN,2.0
EAST_CAMBRIDGE,3.0
YELLOWSTONE,3.0
STROMMEN SPAREBANK,3.0
YETTEL,3.0
KLEBERG BANK,3.0
STREATOR_ONIZED,3.0
YOLO_FCU,3.0
CHINA BANKING,2.0
CHIBA BANK,1.0
CHARTER OAK FEDERAL CREDIT UNION,3.0
STAR FINANCIAL,3.0
LA_LOMA_FCU,3.0
LAAN AND SPAR BANK A/S,2.0
STEARNS_ASSOCIATION,3.0
ATTIJARIWAFA BANK EGYPT,1.0
LAFISE,3.0
AUSTRALIAN MUTUAL,3.0
A/S ARBEJDERNES LANDSBANK,2.0
LASCO FINANCIAL SERVICES,3.0
ENTERPRISE BANK OF SOUTH CAROLINA,3.0
LANDINGS CREDIT UNION,3.0
LARI_EXCHANGE,3.0
ZED,3.0
CENTURY BANK AND TRUST,3.0
ST_CLAIR,3.0
KGI,2.0
SUGAR_RIVER_BANK,3.0
EVANGELINE BANK AND TRUST COMPANY,3.0
EVERGREEN FEDERAL,3.0
ASCENTRA,3.0
EVERBANK,2.0
JSC KASPI BANK,1.0
SWISSQUOTE BANK EUROPE,3.0
JSC RIETUMU,2.0
JSC STATE SAVINGS BANK OF UKRAINE,2.0
JSC UNEX BANK,3.0
JSCB BUSINESS DEVELOPMENT BANK,2.0
CITIZENS PROGRESSIVE BANK,3.0
SVEA BANK AB,2.0
CITIZENS AND NORTHERN BANK,3.0
SUPERIOR CHOICE CREDIT UNION,3.0
EGYPTIAN BANKS CO FOR TECHNOLOGICAL ADVANCEMENT,3.0
YAKIMA FEDERAL SAVINGS AND LOAN ASSOCIATION,3.0
ASPEN,3.0
LCNB_NATIONAL_BANK,3.0
ENCOMPASS FEDERAL CREDIT UNION,3.0
ASSEMBLIES_GOD,3.0
ANDREW_JOHNSON,3.0
CITIZENS BANK OF ADA,3.0
KATAHDIN TRUST COMPANY,3.0
INTELIGENCIA EN FINANZAS SAPI DE CV,3.0
DEPARTMENT OF PUBLIC SAFETY FEDERAL CREDIT UNION,3.0
AB_BANK,2.0
UNISON,3.0
FRANKLIN JOHNSTOWN FEDERAL CREDIT UNION,3.0
UNITED VALLEY BANK,3.0
FIRST PEOPLES BANK OF TENNESSEE,3.0
ALERUS_NA,2.0
WASHINGTON AREA TEACHERS,3.0
UNITED FINANCIAL,3.0
UNITED FIDELITY BANK,2.0
FREMONT FEDERAL CREDIT UNION,3.0
G AND C MUTUAL,3.0
GARDEN_ISLAND,3.0
GARRETT STATE BANK,3.0
GATEWAY_FIRST,3.0
GEORGETOWN KRAFT CREDIT UNION,3.0
INNOVATIONS FINANCIAL CREDIT UNION,3.0
CREDENCIAL ARGENTINA,3.0
ALLEGIANCE,3.0
FIRST FREEDOM BANK,3.0
FIRST FEDERAL SAVINGS AND LOAN ASSOCIATION,3.0
UNIBANK FOR SAVINGS,3.0
FIRST DATA,2.0
ALLTRU,3.0
GPAY NETWORK,3.0
ADVENTURE CREDIT UNION,3.0
CORTRUST,3.0
GRASSHOPPER BANK,3.0
ST ANNES CREDIT UNION,3.0
FRANKEWING,3.0
FIRST SAVINGS BANK OF LITTLE,3.0
FOUR POINTS FEDERAL CREDIT UNION,3.0
CU SERVICES,3.0
VERIMORE BANK,3.0
FIRST_KANSAS,3.0
FIRST_MISSOURI_CU,3.0
VIDANOVA BANK,3.0
FIRST_NATIONAL_BANK_COLORADO,3.0
VISA AUSTRIA,2.0
FIRST_BANKERS_TRUST,3.0
VALLEY_RONAN,3.0
FIRST_NEBRASKA_BANK,3.0
VALLEY_COMMUNITIES_CU,3.0
FIRST_ARKANSAS_BANK_TRUST,3.0
FIRSTAR_BANK,3.0
FIRST_SOUTHERN_STATE_BANK,3.0
FIRST US BANK,3.0
AL FARDAN EXCHANGE SOLE PROPRIETORSHIP,3.0
FIVE COUNTY CREDIT UNION,3.0
FIRST STATE BANK OF WYOMING,3.0
FIVE_POINTS,3.0
UPSTATE_FCU,3.0
UP COOP,3.0
FOOTHILL_FCU,3.0
FORENINGEN AF DANSKE KORTUDSTEDERE FMBA,3.0
FORESIGHT BANK,3.0
FOREST PARK NATIONAL BANK AND TRUST COMPANY,3.0
VOSS VEKSEL OG LANDMANDSBANK ASA,3.0
CORE BANK,3.0
GREATER_PITTSBURGH,2.0
FIRST COMMUNITY BANK OF THE HEARTLAND,3.0
AMERICAN BANK AND TRUST,3.0
WHITE RIVER CREDIT UNION,3.0
AMERICAN COMMUNITY,3.0
WHITEFISH CREDIT UNION ASSOCIATION,3.0
WHITE_ROSE,3.0
COMMUNITY BANK OF PLEASANT HILL,3.0
FAR_EASTERN_INTERNATIONAL_BANK,2.0
TOWN_COUNTRY_CU,3.0
TOWN_COUNTRY,3.0
HSBC BANK EGYPT SAE,1.0
COMMUNICATION,1.0
TOPCARD_SERVICE,3.0
ACHIEVE,3.0
HUNGARIAN VOLKSBANK,3.0
TOLGA OS SPAREBANK,3.0
DESCO,3.0
FARMERS BANK OF WILLARDS,3.0
FARMERS AND MERCHANTS STATE BANK OF APPLETON,3.0
IGODIRECT GROUP,3.0
CODE,3.0
TIDEMARK,3.0
EARTHMOVER,3.0
INDIANHEAD,3.0
INDUSTRIAL FEDERAL CREDIT UNION,3.0
ININAL ODEME VE ELEKTRONIK PARA HIZMETLERI,3.0
HOME,2.0
FCN,3.0
CORE,3.0
DREAM FIRST BANK,3.0
GREENVILLE NATIONAL BANK,3.0
UBA,1.0
GRONLANDSBANKEN,3.0
GX BANK BERHAD,3.0
FIRST ALLIANCE CREDIT UNION,3.0
DISCOVER ISSUER,1.0
CONSUMER,2.0
WEST VIRGINIA CENTRAL,3.0
CONNECTONE BANK,2.0
ALTAONE,3.0
WESTAMERICA BANK,2.0
HARFORD,3.0
HASTINGS FEDERAL CREDIT UNION,3.0
ALTERNATIVES,3.0
COMPASS FEDERAL CREDIT UNION,3.0
DNISTER UKRAINIAN,3.0
HEIGHTS AUTO WORKERS CREDIT UNION,3.0
FINANCIAL_PARTNERS_FCU,3.0
HICKAM,3.0
TRONDELAG SPAREBANK,3.0
FIDEURAM INTESA,1.0
DOW,3.0
DOWNEY FEDERAL CREDIT UNION,3.0
TRISTAR,3.0
ST CHARLES BANK AND TRUST COMPANY,2.0
SUNWEST BANK,3.0
RED CROWN FEDERAL CREDIT UNION,3.0
RADICANT,3.0
MEMBERS_ADVANTAGE,3.0
SBI SUMISHIN NET BANK,2.0
NU MEXICO FINANCIERA SA DE C,1.0
CANYON_VIEW_FCU,3.0
SKJERN,3.0
BANCO COMERCIAL AV VILLAS,2.0
BANCO COOPERATIVO SICOOB SA BANCO SICOOB,2.0
RAIFFEISENLANDESBANK OBER?STERREICH AKTIENGESELLSCHAFT,2.0
PAYPO SP Z OO,3.0
MERITUS,3.0
MERKUR,3.0
SIMMESPORT STATE BANK,3.0
MUSKOGEE_FEDERAL,3.0
BAY BANK,3.0
NUMARK_CU,3.0
METROBANK CARD,1.0
CAMP_GROVE,3.0
MEMBERSOWN,3.0
ROCKLAND_FCU,3.0
CAROLINA COOPERATIVE FEDERAL CREDIT UNION,3.0
BROKAW,3.0
BANK OF AFRICA GHANA,3.0
PEOPLESCHOICE,2.0
BRIGHTBRIDGE,3.0
QATAR INTL ISLAMIC BANK,2.0
BANK OF TRAVELERS REST,3.0
BANCO BAC SAN JOSE,2.0
QUANTUM,3.0
MCCOY_FCU,3.0
MEADOWLAND CREDIT UNION,3.0
NOTRE_DAME_FCU,3.0
BIG PAY,3.0
PENNIAN,3.0
PENINSULA_COMMUNITY,3.0
MEDINA_COUNTY,3.0
CAPITOL,3.0
SAVIBANK,3.0
BANK OF THE PLAINS,3.0
SIGNATURE FEDERAL CREDIT UNION,3.0
NUTMEG_STATE,3.0
SCOTT CREDIT UNION,3.0
SEABANK PHILIPPINES,2.0
OLD_PLANK,2.0
ONTARIO_SHORES_FCU,3.0
OP_RETAIL,3.0
MIDWEST AMERICA,3.0
PANHANDLE,3.0
PALESTINE ISLAMIC BANK,3.0
BANCO DE LA NACION ARGENTINA,1.0
MIDWESTONE,2.0
MILESTONES,3.0
PALADYUM ELEKTRONIK,3.0
RELIANCE_SAVINGS_BANK,3.0
OREGON COAST BANK,3.0
SERVICIOS FINANCIEROS,2.0
SERVICIOS BROXEL SAPI DE CV,3.0
BANCO DE SABADELL,1.0
P AND G MEHOOPANY EMPLOYEES FEDERAL CREDIT UNION,3.0
OXFORD,3.0
SECURITY_NATIONAL_BANK_OMAHA,3.0
C HOARE AND,3.0
BUTTE COMMUNITY,3.0
BANK OF LAKE MILLS,3.0
RAPPIPAY,3.0
PATTERSON_STATE,3.0
OCBC MALAYSIA,1.0
BAYVANGUARD,3.0
RIVER REGION CREDIT UNION,3.0
PASSPORTCARD FINANCIAL SERVICES,3.0
RCBC BANKARD,2.0
BANCO DE DESARROLLO RURAL SA BANRURAL,2.0
MOUNTAIN_LAUREL,3.0
MULTITUDE,3.0
MID CAROLINA CREDIT UNION,3.0
OKLAHOMA,3.0
SHENZHEN DEVELOPMENT BANK,1.0
OKLAHOMA_CENTRAL_CU,3.0
CAMPCO,3.0
PARTNER_COLORADO,3.0
CARIBBEAN CREDIT CARD CORPORAT,3.0
SAUK_VALLEY,3.0
CARROLL BANK AND TRUST,3.0
MAIN STREET BANK,3.0
BANK_OF_SYDNEY,3.0
SOUTHWEST OKLAHOMA FEDERAL CREDIT UNION,3.0
BNEXT ELECTRONIC ISSUER EDESL,3.0
SOUTHWEST LOUISIANA CREDIT UNION,3.0
SOUTHSTATE,2.0
NICHES_CU,3.0
MALGACHE,3.0
SOUTHERN_CREDIT_UNION,3.0
BRADY,3.0
MARINE BANK AND TRUST COMPANY,3.0
BLUESTONE,3.0
NATIONS_TRUST_BANK,2.0
RUSSELL COUNTRY FEDERAL CREDIT UNION,3.0
NATIONAL SAVINGS BANK,2.0
SAN ANTONIO CITIZENS FEDERAL CREDIT UNION,3.0
MAINE FAMILY FEDERAL CREDIT UNION,3.0
POLICE CREDIT UNION OF CALIFORNIA,3.0
PROVIDENCE_BANK,3.0
POMELO TECH,3.0
SQUAREONE APP,3.0
SPRINGFIELD,3.0
SPIRIT_ALASKA,3.0
SPC CREDIT UNION,3.0
LOVCEN BANKA AD PODGORICA,3.0
PRAIRIE STATE BANK AND TRUST,3.0
BOSSIER_FCU,3.0
BOSTON_FIREFIGHTERS,3.0
NETWORK ONLY,3.0
POPULAR BANK LTD,2.0
POPULAIRE,2.0
PRINCE,3.0
NEBO_CREDIT_UNION,3.0
CEDAR_POINT,3.0
SPAREBANK 1 OESTLANDET,2.0
SOUTHBRIDGE,3.0
MAINE_COMMUNITY_BANK,3.0
PUEBLO,3.0
BANCO REGIONAL SA INSTITUCION DE BANCA MULTIPLE BANREGIO GRUPO FINANCIERO,2.0
NATIONAL BANK,2.0
NORTH COUNTRY SAVINGS BANK,3.0
SRI,2.0
NORTHWESTERN,2.0
NORTHWOODS BANK OF MINNESOTA,3.0
BANCCENTRAL,3.0
PEOPLES_STATE,3.0
BANK FORWARD,3.0
BRIDGETON ONIZED FEDERAL CREDIT UNION,3.0
MATCHMOVE PAY,3.0
PEOPLESSOUTH,3.0
CARTU_BANK,3.0
NORWEGIAN VISA,3.0
SOUND,3.0
MARSHALL_COMMUNITY_CU,3.0
MARQUETTE SAVINGS BANK,3.0
PUTNAM_COUNTY,3.0
AGDER SPAREBANK,3.0
AGRICULTURE FEDERAL CREDIT UNION,3.0
UNITED COMMUNITY BANK OF WEST KENTUCKY,3.0
DC JAPAN,1.0
ALEXBANK,2.0
FIRST_CENTRAL_CU,3.0
BANK MELLAT,1.0
OLD WEST FEDERAL CREDIT UNION,3.0
BELIZE BANK LIMITED,3.0
FRAZER BANK,3.0
BANK OF AFRICA BMCE GROUP,1.0
NEW_TRIPOLI,3.0
FIRST_EVANT,3.0
SACO VALLEY CREDIT UNION,3.0
VIB,2.0
FIRST_CHOICE,3.0
RIA ROCK ISLAND ARSENAL FEDERAL CREDIT UNION,3.0
OPENBANK ME XICO SA INSTITUCIO N DE BANCA MU LTIPLE GRUPO FINANCIERO,2.0
US REGION,2.0
VIETNAM FOR,2.0
FLUSHING BANK,3.0
RINDAL SPAREBANK,3.0
UNITED ENERGY,3.0
CURIS FINANCIAL CREDIT UNION,3.0
BANCO_PLATA,3.0
US BANK NATIONAL ASSOCIATION ND,1.0
UNIVERSITY_FIRST,3.0
ALCO,3.0
FIRST_BEMIDJI,3.0
OHNWARD BANK AND TRUST,3.0
OAKDALE,3.0
O,
AL SALAM BANK SEYCHELLES,2.0
FIRST_RESOURCE,3.0
NMB BANK PUBLIC LTD COMPANY,2.0
FIRST_STATE_S,3.0
UTIB,3.0
AL BARAKA ISLAMIC BANK,2.0
UTILITIES EMPLOYEES CREDIT UNION,3.0
NORTH JERSEY FEDERAL CREDIT UNION,3.0
CROSS BANK,3.0
FORT_SILL_FCU,3.0
FORTERA_FCU,3.0
BANK OF BARTLETT,3.0
FORT COMMUNITY,3.0
FIRST_TEXOMA_NATIONAL_BANK,3.0
FNB OXFORD,3.0
NORTHWEST CHRISTIAN CREDIT UNION,3.0
FRANKLIN TRUST,3.0
UNITED OVERSEAS BANK (MALAYSIA,2.0
NPCI,2.0
OHIO STATE BANK,3.0
AICHI,2.0
FIRST_UPPER,3.0
NEXT,2.0
AILINGUAL,3.0
OCONEE_STATE,3.0
BEVERLY BANK AND TRUST COMPANY,3.0
VANTAGE POINT FEDERAL CREDIT UNION,3.0
DANSKE BANK A S,1.0
FIRST_NATIONAL_BANK_SCOTT_CITY,3.0
OCTOBANK,3.0
NIC ASIA BANK,2.0
DESERTVIEW_FEDERAL_CREDIT_UNION,3.0
LLOYDS TSB BANK,1.0
BANK OF CHINA LIMI,1.0
BANK ZENIT,2.0
PHNOM PENH,3.0
PHILIPPINE BANK OF COMMUNICATIONS,2.0
PS,2.0
BANQUE MAROCAINE DU COMMERCE E,2.0
BANK OF WASHINGTON,3.0
WUSTENROT,2.0
F AND C BANK,3.0
BANK OF VERNON,3.0
PT BANK DANAMON LNDONESIA TBK,2.0
PETROL PAY E MONEY AND,3.0
PETROL PAY,3.0
PUBLIC SERVICE #3,3.0
WOODSVILLE GUARANTY SAVINGS BANK,3.0
WOLVERINE_STATE_CU,3.0
FAMILY FINANCIAL CREDIT UNION,3.0
PYRAMAX BANK,3.0
ABU DHABI ISLAMIC BANK EGYPT,2.0
BANK OF UTICA,3.0
FAMILY_ADVANTAGE,3.0
PEOPLES CARD SERVICES,2.0
PEOPLES BANK OF SENECA,3.0
FARMERS STATE BANK OF OAKLEY,3.0
WINCHESTER COOPERATIVE BANK,3.0
WILLIAMSTOWN BANK,3.0
PROVIDENCE BANK AND TRUST,3.0
YAMAGIN,2.0
DUTRAC_COMMUNITY,3.0
PROMSTROYBANK OF RUSSIA,2.0
PRIBANK SH A,3.0
PRABHU,2.0
EMERALD EMPIRE FEDERAL CREDIT UNION,3.0
PRIMETRUST FINANCIAL,3.0
BANK_ALJAZIRA,2.0
ZIPA,2.0
ENGAGE FEDERAL CREDIT UNION,3.0
ZHELDORBANK JSB,3.0
545490
ZEMEN BANK SC,3.0
BANK_OF_MADISON,3.0
POCZTOWY SPOLKA,2.0
ZB,2.0
EQUICOM SAVINGS BANK,3.0
PLUS,3.0
EDMONTON STATE BANK,3.0
ERSTE BANK DER OSTERREICHISCHE,1.0
PLEO,3.0
PITTSFORD_FEDERAL,3.0
PIONEER COMMUNITY BANK,3.0
BANNER CAPITAL BANK,3.0
EURO BANK,1.0
PILOT,3.0
EUROBANK TEKFEN,2.0
EUROPAY AUSTRIA ZAHLANGSVERKEHRSSYSTEME,3.0
WILL FINANCEIRA,3.0
BANTERRA BANK,3.0
REPUBLIC_BANK_GUYANA,3.0
FIRST DATA NETWORK AUSTRALIA,3.0
FIRST FEDERAL SAVINGS AND LOAN ASSOCIATION OF LORAIN,3.0
WAYCROSS BANK AND TRUST,3.0
RED ROCKS CREDIT UNION,3.0
FIRST HOPE BANK A NATIONAL BANKING ASSOCIATION,3.0
FIRST IRAQI,3.0
PARTNERS,3.0
FIRST NATIONAL BANK AND TRUST COMPANY OF NEWTOWN,3.0
FIRST NATIONAL BANK OF CLARKSDALE,3.0
PARKS_HERITAGE,3.0
FIRST NATIONAL BANK OF DUBLIN,3.0
FIRST NATIONAL BANK OF FORT STOCKTON,3.0
FIRST NATIONAL BANK OF GILMER,3.0
FIRST NATIONAL BANK OF GRIFFIN,3.0
FIRST NATIONAL BANK OF HARTFORD,3.0
AFFIN,2.0
FIRST NATIONAL BANK OF PETERSTOWN,3.0
WACHOVIA BANK,1.0
PAPER_CITY_SAVINGS,3.0
BANK OF GRAND LAKE,3.0
PAGSEGURO_INTERNET,2.0
FIRST STATE BANK OF PORTER,3.0
PACIFIC PREMIER BANK,2.0
REPUBLIC BANK AND,2.0
FIRSTBANK OF NEBRASKA,3.0
DEVELOPMENT BANK OF SINGAPORE,1.0
NETWORK INTL,2.0
FIRST COMMAND BANK,3.0
FAYETTE_SAVINGS,3.0
ADVANTIS CREDIT UNION,3.0
QUONTIC BANK,3.0
PCKT MONEY OYJ,3.0
FBT BANK AND MORTGAGE,3.0
R RAPHAEL AND SONS,3.0
ACME CONTINENTAL CREDIT UNION,3.0
RADIFI,3.0
BANK OF TENNESSEE,3.0
RAIFFEISEN DIGITAL BANK,3.0
RAIFFEISENBANK AD BELGRADEE,2.0
ACOM,2.0
RAIZ,3.0
WESTFIELD BANK,3.0
PAULS_VALLEY,3.0
WESTERN STATES BANKCARD ASSOCIATION,3.0
FIREFIGHTERS FIRST FEDERAL CREDIT UNION,3.0
ADELFI CREDIT UNION,3.0
FIRE_POLICE,3.0
BANK OF LOUISIANA,3.0
DIRIGO FEDERAL CREDIT UNION,3.0
PATRONS BANK,3.0
BANK OF LONDON AND THE MIDDLE EAST,3.0
FIRST CAPITAL FEDERAL CREDIT UNION,3.0
FIRST CENTRAL BANK,3.0
ADVANTAGE_ONE,3.0
BBVA COLOMBIA,2.0
FRONTIER,3.0
GREEN COUNTRY FEDERAL CREDIT UNION,3.0
GARANTI BANK,1.0
CITIZENS BUSINESS BANK,2.0
SIU_CU,3.0
JOHNSONVILLE_TVA,3.0
CAPITAL FINANCIAL SERVICES,3.0
ARLINGTON COMMUNITY FEDERAL CREDIT UNION,3.0
TARJETAS BANAMEX SA DE CV SOFOM ENTIDAD REGULADA,1.0
JOINT STOCK COMPANY COMMERCIAL BANK GLOBUS,3.0
MEMBERSFIRST CREDIT UNION,3.0
BANCO BRADESCARD,2.0
JORDANIAN ELAF FOR INTEGRATED,3.0
SMACKOVER STATE BANK,3.0
CITIZENS_BANK_EDMOND,3.0
CITIZENS TRI COUNTY BANK,3.0
JPMORGAN CHASE BANK COMMERCIAL,1.0
MEMBERS FIRST CREDIT UNION OF NH,3.0
BANCO BPI,2.0
JSC FIRST UKRAINIAN INTL BANK,2.0
SOCIETE COM,1.0
BANCO BDI,3.0
MECHANICS CO OPERATIVE BANK,3.0
JSC TERABANK,3.0
SOCIETE GENERALE HAITIENNE DE BANQUE,3.0
ASOCIACION LA VEGA REAL DE AHORROS Y PRESTAMOS,3.0
ASOCIACION PERAVIA DE AHORROS Y PRESTAMOS,3.0
CITIZENS NATIONAL BANK OF SOMERSET,3.0
CITIZENS NATIONAL BANK OF PARK RAPIDS,3.0
SOENDERHAA HOERSTED SPAREKASSE,3.0
BANCO AZTECA DE GUATEMALA,3.0
MEREDITH VILLAGE SAVINGS BANK,3.0
CITY_CU,3.0
CJSC SOLID BANK,3.0
TEXAS,3.0
MID OREGON CREDIT UNION,3.0
INVESTAR,3.0
SHIZUOKA BANK,2.0
TEXAS_HEALTH,3.0
TEXAS_DPS,3.0
INVESTEX,3.0
BANCO DE DESARROLLO RURAL DE HONDURAS,3.0
SIAULIU BANKAS,2.0
TEXAS NATIONAL BANK OF JACKSONVILLE,3.0
IOWA CORPORATE CENTRAL CU,3.0
IOWA_SAVINGS_BANK_US,3.0
TEXAS BANK,3.0
SIDDHARTHA,2.0
ITS,
SIDNEY STATE BANK,3.0
TEUTOPOLIS STATE BANK,3.0
MICHIGAN LEGACY CREDIT UNION,3.0
MICHIGAN EBT ISSUED BY AFFILIATED COMPUTER SERVICES,3.0
APEX BANKING COMPANY OF GEORGIA,3.0
ISLAMIQUE,3.0
BANCO DE COSTA RICA,2.0
MI STORI,3.0
TENGE,3.0
CLARKE,3.0
TELENOR MICROFINANCE BANK,3.0
CANNON,3.0
SUPER PAGAMENTOS E ADMINISTRACAO DE MEIOS ELETRONICOS LTDA,3.0
MC FEDERAL CREDIT UNION,3.0
ANNA JONESBORO NATIONAL BANK,3.0
KARLOVACKA,3.0
LAKES,3.0
CFCU COMMUNITY CREDIT UNION,3.0
STATEWIDE,3.0
CENTURY BANK,3.0
SOUTHWEST MISSOURI BANK,3.0
STATE BANK OF SOUTHWEST MISSOURI,3.0
MAINE SAVINGS FEDERAL CREDIT UNION,3.0
LATAH CREDIT UNION,3.0
CENTRIC,3.0
SOUTHWEST_RESEARCH,3.0
MAGNOLIA STATE BANK,3.0
CECIL COUNTY SCHOOL EMPLOYEES FEDERAL CREDIT UNION,3.0
CENTRAL_WEST,3.0
BANCA MARCH,2.0
LEE BANK,3.0
LYONNAISE,2.0
STANDARD CHARTERED BANK GHANA,2.0
CENTEX CITIZENS CREDIT UNION,3.0
BANCA COMERCIALA INTESA SANPAOLO ROMANIA,2.0
STANDARD BANK DE ANGOLA,2.0
LUSO INTERNATIONAL BANKING,3.0
STANBIC BANK TANZANIA,2.0
CENTINEL BANK OF TAOS,3.0
LIBERTY SAVINGS BANK,3.0
LINCOLN NATIONAL BANK OF HODGENVILLE,3.0
LIONS SHARE FEDERAL CREDIT UNION,3.0
CENTRAL AFRICA BUILDING SOCIETY,3.0
SOUTHERN_BANK_TENNESSEE,3.0
MARIN_COUNTY,3.0
LAFCU,3.0
SOMERSET REGAL BANK,3.0
BANKIA,1.0
SUNMARK,3.0
CARROLLTON FEDERAL BANK,3.0
KB PRASAC BANK,2.0
SUN FEDERAL CREDIT UNION,3.0
SUN COMMUNITY,3.0
KEARNEY TRUST COMPANY,3.0
AS_FCU,3.0
ATHOL SAVINGS BANK,3.0
CITIC BANK FORCREDIT CARD,1.0
KERR COUNTY,3.0
CIT,2.0
SUFFOLK_FEDERAL,3.0
SOUTHEASTERN ARIZONA FEDERAL CREDIT UNION,3.0
CIBC CARIBBEAN BANK JAMAICA,2.0
KISH BANK,3.0
CHROME,3.0
MARQUETTE BANK,3.0
MARION_CENTER_BANK,3.0
CHIP MONG,3.0
MARION AND POLK SCHOOLS CREDIT UNION,3.0
BANCAMIGA BANCO UNIVERSAL CA,3.0
SOUTH TRUST BANK,2.0
CHARTER,3.0
CHARLEVOIX STATE BANK,3.0
LA CAPITOL FEDERAL CREDIT UNION,3.0
SHIFT4,2.0
ANECA,3.0
BANCO_NACIONAL_DE_BOLIVIA,2.0
SEABOARD FEDERAL CREDIT UNION,3.0
GREENFIELD COOPERATIVE BANK,3.0
NAPOLEON STATE BANK,3.0
UALA SOCIEDAD ANONIMA INSTITUCION DE BANCA MULTIPLE,3.0
GRONG_SPAREBANK_NO,3.0
UAB STANHOPE FINANCIAL,3.0
ALRAYAN BANK,2.0
GRUNDY BANK,3.0
COOPERATIVE AND AGRICULTURAL CREDIT BANK CAC BANK,3.0
GUAYAQUIL,2.0
TWO RIVERS BANK AND,3.0
COO PERATIEVE RABOBANK,1.0
TWIN CITY BANK,3.0
TURON,3.0
MY,
CONSOLIDATED BANK GHANA,2.0
BANCO MULTIPLE VIMENCA,3.0
TURK ELEKTRONIK PARA A S,3.0
CONNECTED CREDIT UNION,3.0
HANSCOM,3.0
CONCORDIA BANK AND TRUST COMPANY,3.0
BANCO MULTIPLE PROMERICA DE LA REPUBLICA DOMINICANA,3.0
HARBOR POINTE CREDIT UNION,3.0
MUSASHINO CARD,2.0
SCHLUMBERGER EMPLOYEES CREDIT UNION,3.0
MUNICIPAL_BANK_PLC,3.0
COMPAGNIE BANCAIRE,3.0
UENO HOLDING,3.0
GREAT_RIVER,3.0
COUNTRY CLUB,3.0
BORDER,3.0
ALIZZ ISLAMIC BANK SAOG,3.0
SAINT CLAIR STATE BANK,3.0
GBANK,3.0
GE MONEY BANK,2.0
CREDIT AGRICOLE DU MAROC,2.0
GETIN NOBLE,2.0
GIB,2.0
NEBEUS SOLUTIONS,3.0
COUNTY EXCELLENCE FEDERAL CREDIT UNION,3.0
BP AUVERGNE RHONE A,2.0
SALAAM SOMALI BANK,3.0
COULEE BANK,3.0
NATIONAL BANK OF BLACKSBURG,3.0
GOLD_COAST,3.0
NAVIGATOR_CU,3.0
COSDEN,3.0
BANCO SANTANDER SERFIN,1.0
SANDIA LABORATORY FEDERAL CREDIT UNION,3.0
GRAND SAVINGS BANK,3.0
CORPORATE_AMERICA,3.0
NATIONAL FEDERATION OF FISHERIES COOPERATIVES,2.0
GRAUBUNDNER KANTONALBANK,2.0
NATIONAL BANK OF OMAN LTD SAOG,2.0
NATIONAL BANK OF MALAWI,2.0
BRED BANK,2.0
HENDERSON STATE BANK,3.0
BANCO INVESTCRED UNIBANCO,2.0
ANDBANC LUXEMBOURG,3.0
BANCO INDUSTRIAL DO BRASIL,3.0
COMMONWEALTH CENTRAL CREDIT UNION,3.0
CAIXA LEIRIA,3.0
SERVICES_CU,3.0
COMMODORE PERRY FEDERAL CREDIT UNION,3.0
TONAWANDA VALLEY FEDERAL CREDIT UNION,3.0
MILTON SAVINGS BANK,3.0
I3 BANK,3.0
TN CYBERTECH BANK,3.0
ICICI BANK UK,2.0
MILITARY COMMERCIAL JSB,2.0
TLCU,3.0
MIDWEST BANKCENTRE,3.0
TIN MILL EMPLOYEES FEDERAL CREDIT UNION,3.0
ILWU,3.0
SGB,2.0
SHANGHAI,2.0
SHANGHAI PUDONG DEVELOPMENT BANK,1.0
COAST CAPITAL SAVINGS CREDIT UNION,2.0
SHANGHAI_SAVINGS,2.0
BANCO DE INVESTIMENTO GLOBAL,3.0
MIDDLESEX_SAVINGS,3.0
CO OP CREDIT UNION OF MONTEVIDEO,3.0
CAMP SHELBY FEDERAL CREDIT UNION,3.0
ANCORUM CREDIT UNION,3.0
CAMPBELL,3.0
SHELBY_SAVINGS,3.0
SHELL LAKE STATE BANK,3.0
AMERICAN_NATIONAL_BANK,3.0
HUD,3.0
SENECA NATIONS OF INDIANS FEDERAL CREDIT,3.0
TRAVEL WALLET,3.0
HERRING BANK,3.0
MUNICIPAL TRUST AND SAVINGS BANK,3.0
SEATTLE BANK,3.0
HINGHAM INSTITUTION FOR SAVINGS,3.0
MUNICIPAL EMPLOYEES CREDIT UNION OF BALTIMORE,3.0
HIPOTEKARNA BANKA AD PODGORICA,3.0
HIROSHIMA BANK,2.0
SECURED ADVANTAGE FEDERAL CREDIT UNION,3.0
TRIPLINK INTERNATIONAL,3.0
HOKKOKU BANK,2.0
COMMUNITY NEIGHBOR BANK,3.0
MOVII,3.0
AMERICAN MOMENTUM BANK,3.0
MO,3.0
BANCO INBURSA,2.0
CABRILLO CREDIT UNION,3.0
HOMETOWN SAVINGS BANK,3.0
COMMUNITY FIRST BANK OF INDIANA,3.0
MONTEREY COUNTY BANK,3.0
COMMUNITY CREDIT UNION OF LYNN,3.0
SEKERBANK TAS,2.0
MONEYME FINANCIAL GROUP,3.0
BANCO DEL TESORO CA BANCO UNIVERSAL,3.0
MOLOKAI COMMUNITY FEDERAL CREDIT UNION,3.0
COMMUNITY BANK OF PARKERSBURG,3.0
HSBC BANK EGYPT,2.0
PREMIUM BANK,3.0
NOVA BANKA AD BANJA LUKA,2.0
